"Flight Number,Date,From,To,Aircraft,Flight time,STD,ATD,STA,ATA,Dep_Delay,Arr_Delay,STD_hour,weekday,delay,takeoff_hour,landing_hour,takeoff_delay,landing_delay,STA_hour,DayOfWeek,Route,ScheduledHour,Weekday,AircraftEncoded,RouteEncoded,DepartureDelay"
",2025-07-23,Mumbai (BOM),Chennai (MAA),A20N (VT-TQJ),1:35,1900-01-01 09:00:00,1900-01-01 09:20:00,1900-01-01 11:00:00,1900-01-01 10:55:00,20.0,-5.0,9.0,Wednesday,-5.0,9.0,11.0,20.0,-5.0,11.0,2.0,Mumbai (BOM)-Chennai (MAA),9,2,79,8,20.0"
",2025-07-22,Mumbai (BOM),Chennai (MAA),A20N (VT-TNF),1:37,1900-01-01 09:00:00,1900-01-01 09:17:00,1900-01-01 11:00:00,1900-01-01 10:54:00,17.0,-6.0,9.0,Tuesday,-6.0,9.0,11.0,17.0,-6.0,11.0,1.0,Mumbai (BOM)-Chennai (MAA),9,1,61,8,17.0"
",2025-07-20,Mumbai (BOM),Chennai (MAA),A20N (VT-TNP),1:33,1900-01-01 09:00:00,1900-01-01 09:17:00,1900-01-01 11:00:00,1900-01-01 10:49:00,17.0,-11.0,9.0,Sunday,-11.0,9.0,11.0,17.0,-11.0,11.0,6.0,Mumbai (BOM)-Chennai (MAA),9,6,65,8,17.0"
",2025-07-19,Mumbai (BOM),Chennai (MAA),A20N (VT-TNZ),1:34,1900-01-01 09:00:00,1900-01-01 09:08:00,1900-01-01 11:00:00,1900-01-01 10:41:00,8.0,-19.0,9.0,Saturday,-19.0,9.0,11.0,8.0,-19.0,11.0,5.0,Mumbai (BOM)-Chennai (MAA),9,5,72,8,8.0"
",2025-07-25,Mumbai (BOM),Cochin (COK),B38M (VT-YAB),1:36,1900-01-01 09:10:00,1900-01-01 09:41:00,1900-01-01 11:15:00,1900-01-01 11:17:00,31.0,2.0,9.0,Friday,2.0,9.0,11.0,31.0,2.0,11.0,4.0,Mumbai (BOM)-Cochin (COK),9,4,175,9,31.0"
" ,2025-07-24,Mumbai (BOM),Cochin (COK),B38M (VT-YAP),1:33,1900-01-01 09:10:00,1900-01-01 09:21:00,1900-01-01 11:15:00,1900-01-01 10:54:00,11.0,-21.0,9.0,Thursday,-21.0,9.0,11.0,11.0,-21.0,11.0,3.0,Mumbai (BOM)-Cochin (COK),9,3,182,9,11.0"
" ,2025-07-23,Mumbai (BOM),Cochin (COK),B38M (VT-YAR),1:35,1900-01-01 09:10:00,1900-01-01 09:54:00,1900-01-01 11:15:00,1900-01-01 11:29:00,44.0,14.0,9.0,Wednesday,14.0,9.0,11.0,44.0,14.0,11.0,2.0,Mumbai (BOM)-Cochin (COK),9,2,183,9,44.0"
" ,2025-07-22,Mumbai (BOM),Cochin (COK),B38M (VT-YBB),1:31,1900-01-01 09:10:00,1900-01-01 11:52:00,1900-01-01 11:15:00,1900-01-01 13:23:00,162.0,128.0,9.0,Tuesday,128.0,9.0,11.0,162.0,128.0,11.0,1.0,Mumbai (BOM)-Cochin (COK),9,1,186,9,162.0"
" ,2025-07-21,Mumbai (BOM),Cochin (COK),B38M (VT-YAF),1:33,1900-01-01 09:10:00,1900-01-01 15:00:00,1900-01-01 11:15:00,1900-01-01 16:33:00,350.0,318.0,9.0,Monday,318.0,9.0,11.0,350.0,318.0,11.0,0.0,Mumbai (BOM)-Cochin (COK),9,0,177,9,350.0"
" ,2025-07-20,Mumbai (BOM),Cochin (COK),B38M (VT-YAL),1:37,1900-01-01 08:50:00,1900-01-01 08:59:00,1900-01-01 10:55:00,1900-01-01 10:36:00,9.0,-19.0,8.0,Sunday,-19.0,8.0,10.0,9.0,-19.0,10.0,6.0,Mumbai (BOM)-Cochin (COK),8,6,181,9,9.0"
" ,2025-07-19,Mumbai (BOM),Cochin (COK),B38M (VT-YAH),1:31,1900-01-01 09:10:00,1900-01-01 09:22:00,1900-01-01 11:15:00,1900-01-01 10:54:00,12.0,-21.0,9.0,Saturday,-21.0,9.0,11.0,12.0,-21.0,11.0,5.0,Mumbai (BOM)-Cochin (COK),9,5,179,9,12.0"
",2025-07-25,Mumbai (BOM),Jodhpur (JDH),A319 (VT-SCV),1:19,1900-01-01 09:15:00,1900-01-01 09:36:00,1900-01-01 11:05:00,1900-01-01 10:54:00,21.0,-11.0,9.0,Friday,-11.0,9.0,11.0,21.0,-11.0,11.0,4.0,Mumbai (BOM)-Jodhpur (JDH),9,4,153,28,21.0"
" ,2025-07-24,Mumbai (BOM),Jodhpur (JDH),A319 (VT-SCF),1:17,1900-01-01 09:15:00,1900-01-01 09:44:00,1900-01-01 11:05:00,1900-01-01 11:01:00,29.0,-4.0,9.0,Thursday,-4.0,9.0,11.0,29.0,-4.0,11.0,3.0,Mumbai (BOM)-Jodhpur (JDH),9,3,152,28,29.0"
" ,2025-07-23,Mumbai (BOM),Jodhpur (JDH),A319 (VT-SCV),1:22,1900-01-01 09:15:00,1900-01-01 10:02:00,1900-01-01 11:05:00,1900-01-01 11:24:00,47.0,19.0,9.0,Wednesday,19.0,9.0,11.0,47.0,19.0,11.0,2.0,Mumbai (BOM)-Jodhpur (JDH),9,2,153,28,47.0"
" ,2025-07-22,Mumbai (BOM),Jodhpur (JDH),A319 (VT-SCF),1:20,1900-01-01 09:15:00,1900-01-01 09:27:00,1900-01-01 11:05:00,1900-01-01 10:47:00,12.0,-18.0,9.0,Tuesday,-18.0,9.0,11.0,12.0,-18.0,11.0,1.0,Mumbai (BOM)-Jodhpur (JDH),9,1,152,28,12.0"
" ,2025-07-21,Mumbai (BOM),Jodhpur (JDH),A20N (VT-EXQ),1:17,1900-01-01 09:15:00,1900-01-01 10:58:00,1900-01-01 11:05:00,1900-01-01 12:15:00,103.0,70.0,9.0,Monday,70.0,9.0,11.0,103.0,70.0,11.0,0.0,Mumbai (BOM)-Jodhpur (JDH),9,0,10,28,103.0"
" ,2025-07-20,Mumbai (BOM),Jodhpur (JDH),A319 (VT-SCF),1:22,1900-01-01 09:15:00,1900-01-01 09:14:00,1900-01-01 11:05:00,1900-01-01 10:35:00,-1.0,-30.0,9.0,Sunday,-30.0,9.0,11.0,-1.0,-30.0,11.0,6.0,Mumbai (BOM)-Jodhpur (JDH),9,6,152,28,-1.0"
" ,2025-07-19,Mumbai (BOM),Jodhpur (JDH),A319 (VT-SCV),1:15,1900-01-01 09:15:00,1900-01-01 09:25:00,1900-01-01 11:05:00,1900-01-01 10:40:00,10.0,-25.0,9.0,Saturday,-25.0,9.0,11.0,10.0,-25.0,11.0,5.0,Mumbai (BOM)-Jodhpur (JDH),9,5,153,28,10.0"
" ,2025-07-25,Mumbai (BOM),Goa (GOX),A20N (VT-IQZ),0:44,1900-01-01 09:15:00,1900-01-01 09:38:00,1900-01-01 10:30:00,1900-01-01 10:22:00,23.0,-8.0,9.0,Friday,-8.0,9.0,10.0,23.0,-8.0,10.0,4.0,Mumbai (BOM)-Goa (GOX),9,4,35,20,23.0"
" ,2025-07-24,Mumbai (BOM),Goa (GOX),A20N (VT-IPW),0:46,1900-01-01 09:15:00,1900-01-01 09:20:00,1900-01-01 10:30:00,1900-01-01 10:06:00,5.0,-24.0,9.0,Thursday,-24.0,9.0,10.0,5.0,-24.0,10.0,3.0,Mumbai (BOM)-Goa (GOX),9,3,29,20,5.0"
" ,2025-07-23,Mumbai (BOM),Goa (GOX),A20N (VT-IPW),0:44,1900-01-01 09:15:00,1900-01-01 09:49:00,1900-01-01 10:30:00,1900-01-01 10:33:00,34.0,3.0,9.0,Wednesday,3.0,9.0,10.0,34.0,3.0,10.0,2.0,Mumbai (BOM)-Goa (GOX),9,2,29,20,34.0"
" ,2025-07-22,Mumbai (BOM),Goa (GOX),A20N (VT-ISS),0:46,1900-01-01 09:15:00,1900-01-01 09:23:00,1900-01-01 10:30:00,1900-01-01 10:09:00,8.0,-21.0,9.0,Tuesday,-21.0,9.0,10.0,8.0,-21.0,10.0,1.0,Mumbai (BOM)-Goa (GOX),9,1,39,20,8.0"
" ,2025-07-21,Mumbai (BOM),Goa (GOX),A20N (VT-IXO),0:47,1900-01-01 09:15:00,1900-01-01 11:32:00,1900-01-01 10:30:00,1900-01-01 12:18:00,137.0,108.0,9.0,Monday,108.0,9.0,10.0,137.0,108.0,10.0,0.0,Mumbai (BOM)-Goa (GOX),9,0,49,20,137.0"
" ,2025-07-20,Mumbai (BOM),Goa (GOX),A20N (VT-IQG),0:50,1900-01-01 09:15:00,1900-01-01 09:24:00,1900-01-01 10:30:00,1900-01-01 10:14:00,9.0,-16.0,9.0,Sunday,-16.0,9.0,10.0,9.0,-16.0,10.0,6.0,Mumbai (BOM)-Goa (GOX),9,6,33,20,9.0"
" ,2025-07-19,Mumbai (BOM),Goa (GOX),A20N (VT-IXK),0:45,1900-01-01 09:15:00,1900-01-01 09:09:00,1900-01-01 10:30:00,1900-01-01 09:53:00,-6.0,-37.0,9.0,Saturday,-37.0,9.0,10.0,-6.0,-37.0,10.0,5.0,Mumbai (BOM)-Goa (GOX),9,5,48,20,-6.0"
" ,2025-07-25,Mumbai (BOM),Bengaluru (BLR),A20N (VT-TNY),1:23,1900-01-01 09:20:00,1900-01-01 09:55:00,1900-01-01 11:00:00,1900-01-01 11:18:00,35.0,18.0,9.0,Friday,18.0,9.0,11.0,35.0,18.0,11.0,4.0,Mumbai (BOM)-Bengaluru (BLR),9,4,71,5,35.0"
" ,2025-07-24,Mumbai (BOM),Bengaluru (BLR),A20N (VT-TNF),1:22,1900-01-01 09:20:00,1900-01-01 09:34:00,1900-01-01 11:00:00,1900-01-01 10:56:00,14.0,-4.0,9.0,Thursday,-4.0,9.0,11.0,14.0,-4.0,11.0,3.0,Mumbai (BOM)-Bengaluru (BLR),9,3,61,5,14.0"
" ,2025-07-23,Mumbai (BOM),Bengaluru (BLR),A20N (VT-TNQ),1:22,1900-01-01 09:20:00,1900-01-01 09:37:00,1900-01-01 11:00:00,1900-01-01 10:59:00,17.0,-1.0,9.0,Wednesday,-1.0,9.0,11.0,17.0,-1.0,11.0,2.0,Mumbai (BOM)-Bengaluru (BLR),9,2,66,5,17.0"
" ,2025-07-22,Mumbai (BOM),Bengaluru (BLR),A20N (VT-TQB),1:17,1900-01-01 09:20:00,1900-01-01 09:51:00,1900-01-01 11:00:00,1900-01-01 11:08:00,31.0,8.0,9.0,Tuesday,8.0,9.0,11.0,31.0,8.0,11.0,1.0,Mumbai (BOM)-Bengaluru (BLR),9,1,74,5,31.0"
" ,2025-07-21,Mumbai (BOM),Bengaluru (BLR),A20N (VT-TNS),1:21,1900-01-01 09:20:00,1900-01-01 10:44:00,1900-01-01 11:00:00,1900-01-01 12:05:00,84.0,65.0,9.0,Monday,65.0,9.0,11.0,84.0,65.0,11.0,0.0,Mumbai (BOM)-Bengaluru (BLR),9,0,67,5,84.0"
" ,2025-07-20,Mumbai (BOM),Bengaluru (BLR),A20N (VT-TQM),1:21,1900-01-01 09:20:00,1900-01-01 09:19:00,1900-01-01 11:00:00,1900-01-01 10:40:00,-1.0,-20.0,9.0,Sunday,-20.0,9.0,11.0,-1.0,-20.0,11.0,6.0,Mumbai (BOM)-Bengaluru (BLR),9,6,82,5,-1.0"
" ,2025-07-19,Mumbai (BOM),Bengaluru (BLR),A20N (VT-TQR),1:18,1900-01-01 09:20:00,1900-01-01 09:27:00,1900-01-01 11:00:00,1900-01-01 10:44:00,7.0,-16.0,9.0,Saturday,-16.0,9.0,11.0,7.0,-16.0,11.0,5.0,Mumbai (BOM)-Bengaluru (BLR),9,5,86,5,7.0"
" ,2025-07-25,Mumbai (BOM),Delhi (DEL),A20N (VT-RTU),1:51,1900-01-01 09:25:00,1900-01-01 09:49:00,1900-01-01 11:40:00,1900-01-01 11:40:00,24.0,0.0,9.0,Friday,0.0,9.0,11.0,24.0,0.0,11.0,4.0,Mumbai (BOM)-Delhi (DEL),9,4,57,12,24.0"
" ,2025-07-24,Mumbai (BOM),Delhi (DEL),A20N (VT-TQL),1:43,1900-01-01 09:25:00,1900-01-01 09:41:00,1900-01-01 11:40:00,1900-01-01 11:25:00,16.0,-15.0,9.0,Thursday,-15.0,9.0,11.0,16.0,-15.0,11.0,3.0,Mumbai (BOM)-Delhi (DEL),9,3,81,12,16.0"
" ,2025-07-23,Mumbai (BOM),Delhi (DEL),A20N (VT-TNW),1:43,1900-01-01 09:25:00,1900-01-01 09:46:00,1900-01-01 11:40:00,1900-01-01 11:30:00,21.0,-10.0,9.0,Wednesday,-10.0,9.0,11.0,21.0,-10.0,11.0,2.0,Mumbai (BOM)-Delhi (DEL),9,2,70,12,21.0"
" ,2025-07-22,Mumbai (BOM),Delhi (DEL),A20N (VT-RIO),1:53,1900-01-01 09:25:00,1900-01-01 09:33:00,1900-01-01 11:40:00,1900-01-01 11:26:00,8.0,-14.0,9.0,Tuesday,-14.0,9.0,11.0,8.0,-14.0,11.0,1.0,Mumbai (BOM)-Delhi (DEL),9,1,52,12,8.0"
" ,2025-07-21,Mumbai (BOM),Delhi (DEL),A20N (VT-EXG),1:45,1900-01-01 09:25:00,1900-01-01 10:36:00,1900-01-01 11:40:00,1900-01-01 12:21:00,71.0,41.0,9.0,Monday,41.0,9.0,11.0,71.0,41.0,11.0,0.0,Mumbai (BOM)-Delhi (DEL),9,0,5,12,71.0"
" ,2025-07-20,Mumbai (BOM),Delhi (DEL),A20N (VT-RTJ),1:47,1900-01-01 09:25:00,1900-01-01 09:32:00,1900-01-01 11:40:00,1900-01-01 11:19:00,7.0,-21.0,9.0,Sunday,-21.0,9.0,11.0,7.0,-21.0,11.0,6.0,Mumbai (BOM)-Delhi (DEL),9,6,53,12,7.0"
" ,2025-07-19,Mumbai (BOM),Delhi (DEL),A20N (VT-RTZ),1:42,1900-01-01 09:25:00,1900-01-01 09:37:00,1900-01-01 11:40:00,1900-01-01 11:19:00,12.0,-21.0,9.0,Saturday,-21.0,9.0,11.0,12.0,-21.0,11.0,5.0,Mumbai (BOM)-Delhi (DEL),9,5,58,12,12.0"
" ,2025-07-24,Mumbai (BOM),London (LHR),B772 (G-YMMS),8:52,1900-01-01 09:30:00,1900-01-01 09:56:00,1900-01-01 14:55:00,1900-01-01 14:17:00,26.0,-38.0,9.0,Thursday,-38.0,9.0,14.0,26.0,-38.0,14.0,3.0,Mumbai (BOM)-London (LHR),9,3,190,34,26.0"
" ,2025-07-23,Mumbai (BOM),London (LHR),B772 (G-YMMG),8:59,1900-01-01 09:30:00,1900-01-01 09:57:00,1900-01-01 14:55:00,1900-01-01 14:26:00,27.0,-29.0,9.0,Wednesday,-29.0,9.0,14.0,27.0,-29.0,14.0,2.0,Mumbai (BOM)-London (LHR),9,2,188,34,27.0"
" ,2025-07-22,Mumbai (BOM),London (LHR),B772 (G-YMMT),8:58,1900-01-01 09:30:00,1900-01-01 12:20:00,1900-01-01 14:55:00,1900-01-01 16:48:00,170.0,113.0,9.0,Tuesday,113.0,9.0,14.0,170.0,113.0,14.0,1.0,Mumbai (BOM)-London (LHR),9,1,191,34,170.0"
" ,2025-07-21,Mumbai (BOM),London (LHR),B772 (G-YMMT),8:51,1900-01-01 09:30:00,1900-01-01 12:55:00,1900-01-01 14:55:00,1900-01-01 17:16:00,205.0,141.0,9.0,Monday,141.0,9.0,14.0,205.0,141.0,14.0,0.0,Mumbai (BOM)-London (LHR),9,0,191,34,205.0"
" ,2025-07-20,Mumbai (BOM),London (LHR),B772 (G-YMMU),9:28,1900-01-01 09:30:00,1900-01-01 09:42:00,1900-01-01 14:55:00,1900-01-01 14:40:00,12.0,-15.0,9.0,Sunday,-15.0,9.0,14.0,12.0,-15.0,14.0,6.0,Mumbai (BOM)-London (LHR),9,6,192,34,12.0"
" ,2025-07-19,Mumbai (BOM),London (LHR),B772 (G-YMMU),9:10,1900-01-01 09:30:00,1900-01-01 09:55:00,1900-01-01 14:55:00,1900-01-01 14:34:00,25.0,-21.0,9.0,Saturday,-21.0,9.0,14.0,25.0,-21.0,14.0,5.0,Mumbai (BOM)-London (LHR),9,5,192,34,25.0"
" ,2025-07-18,Mumbai (BOM),London (LHR),B772 (G-YMMI),9:06,1900-01-01 09:30:00,1900-01-01 09:41:00,1900-01-01 14:55:00,1900-01-01 14:16:00,11.0,-39.0,9.0,Friday,-39.0,9.0,14.0,11.0,-39.0,14.0,4.0,Mumbai (BOM)-London (LHR),9,4,189,34,11.0"
" ,2025-07-25,Mumbai (BOM),Kolhapur (KLH),E75L (VT-GSI),0:41,1900-01-01 09:30:00,1900-01-01 10:05:00,1900-01-01 10:35:00,1900-01-01 10:46:00,35.0,11.0,9.0,Friday,11.0,9.0,10.0,35.0,11.0,10.0,4.0,Mumbai (BOM)-Kolhapur (KLH),9,4,224,32,35.0"
" ,2025-07-24,Mumbai (BOM),Kolhapur (KLH),E75L (VT-GSI),0:48,1900-01-01 09:30:00,1900-01-01 09:26:00,1900-01-01 10:35:00,1900-01-01 10:14:00,-4.0,-21.0,9.0,Thursday,-21.0,9.0,10.0,-4.0,-21.0,10.0,3.0,Mumbai (BOM)-Kolhapur (KLH),9,3,224,32,-4.0"
" ,2025-07-23,Mumbai (BOM),Kolhapur (KLH),E75L (VT-GSI),0:43,1900-01-01 09:30:00,1900-01-01 09:41:00,1900-01-01 10:35:00,1900-01-01 10:25:00,11.0,-10.0,9.0,Wednesday,-10.0,9.0,10.0,11.0,-10.0,10.0,2.0,Mumbai (BOM)-Kolhapur (KLH),9,2,224,32,11.0"
" ,2025-07-22,Mumbai (BOM),Kolhapur (KLH),E75L (VT-GSI),0:39,1900-01-01 09:30:00,1900-01-01 09:54:00,1900-01-01 10:35:00,1900-01-01 10:33:00,24.0,-2.0,9.0,Tuesday,-2.0,9.0,10.0,24.0,-2.0,10.0,1.0,Mumbai (BOM)-Kolhapur (KLH),9,1,224,32,24.0"
" ,2025-07-21,Mumbai (BOM),Kolhapur (KLH),E75L (VT-GSI),0:39,1900-01-01 09:30:00,1900-01-01 13:03:00,1900-01-01 10:35:00,1900-01-01 13:42:00,213.0,187.0,9.0,Monday,187.0,9.0,10.0,213.0,187.0,10.0,0.0,Mumbai (BOM)-Kolhapur (KLH),9,0,224,32,213.0"
" ,2025-07-20,Mumbai (BOM),Kolhapur (KLH),E75L (VT-GSI),0:43,1900-01-01 09:30:00,1900-01-01 10:36:00,1900-01-01 10:35:00,1900-01-01 11:19:00,66.0,44.0,9.0,Sunday,44.0,9.0,10.0,66.0,44.0,10.0,6.0,Mumbai (BOM)-Kolhapur (KLH),9,6,224,32,66.0"
" ,2025-07-19,Mumbai (BOM),Kolhapur (KLH),E75L (VT-GSI),0:42,1900-01-01 09:30:00,1900-01-01 09:38:00,1900-01-01 10:35:00,1900-01-01 10:20:00,8.0,-15.0,9.0,Saturday,-15.0,9.0,10.0,8.0,-15.0,10.0,5.0,Mumbai (BOM)-Kolhapur (KLH),9,5,224,32,8.0"
" ,2025-07-25,Mumbai (BOM),Doha (DOH),B38M (A7-BSA),2:52,1900-01-01 09:35:00,1900-01-01 09:58:00,1900-01-01 10:35:00,1900-01-01 10:20:00,23.0,-15.0,9.0,Friday,-15.0,9.0,10.0,23.0,-15.0,10.0,4.0,Mumbai (BOM)-Doha (DOH),9,4,172,16,23.0"
" ,2025-07-24,Mumbai (BOM),Doha (DOH),B38M (A7-BSE),2:54,1900-01-01 09:35:00,1900-01-01 09:48:00,1900-01-01 10:35:00,1900-01-01 10:12:00,13.0,-23.0,9.0,Thursday,-23.0,9.0,10.0,13.0,-23.0,10.0,3.0,Mumbai (BOM)-Doha (DOH),9,3,173,16,13.0"
" ,2025-07-23,Mumbai (BOM),Doha (DOH),B38M (A7-BSE),2:49,1900-01-01 09:35:00,1900-01-01 09:53:00,1900-01-01 10:35:00,1900-01-01 10:13:00,18.0,-22.0,9.0,Wednesday,-22.0,9.0,10.0,18.0,-22.0,10.0,2.0,Mumbai (BOM)-Doha (DOH),9,2,173,16,18.0"
" ,2025-07-22,Mumbai (BOM),Doha (DOH),B38M (A7-BSE),2:51,1900-01-01 09:35:00,1900-01-01 11:10:00,1900-01-01 10:35:00,1900-01-01 11:31:00,95.0,56.0,9.0,Tuesday,56.0,9.0,10.0,95.0,56.0,10.0,1.0,Mumbai (BOM)-Doha (DOH),9,1,173,16,95.0"
" ,2025-07-21,Mumbai (BOM),Doha (DOH),A20N (VT-IXH),2:47,1900-01-01 09:35:00,1900-01-01 15:57:00,1900-01-01 10:35:00,1900-01-01 16:14:00,382.0,339.0,9.0,Monday,339.0,9.0,10.0,382.0,339.0,10.0,0.0,Mumbai (BOM)-Doha (DOH),9,0,46,16,382.0"
" ,2025-07-20,Mumbai (BOM),Doha (DOH),B38M (A7-BSE),2:51,1900-01-01 09:35:00,1900-01-01 09:47:00,1900-01-01 10:35:00,1900-01-01 10:07:00,12.0,-28.0,9.0,Sunday,-28.0,9.0,10.0,12.0,-28.0,10.0,6.0,Mumbai (BOM)-Doha (DOH),9,6,173,16,12.0"
" ,2025-07-19,Mumbai (BOM),Doha (DOH),B38M (A7-BSE),2:52,1900-01-01 09:35:00,1900-01-01 09:46:00,1900-01-01 10:35:00,1900-01-01 10:08:00,11.0,-27.0,9.0,Saturday,-27.0,9.0,10.0,11.0,-27.0,10.0,5.0,Mumbai (BOM)-Doha (DOH),9,5,173,16,11.0"
" ,2025-07-25,Mumbai (BOM),Srinagar (SXR),A20N (VT-TQS),2:16,1900-01-01 09:40:00,1900-01-01 10:20:00,1900-01-01 12:40:00,1900-01-01 12:36:00,40.0,-4.0,9.0,Friday,-4.0,9.0,12.0,40.0,-4.0,12.0,4.0,Mumbai (BOM)-Srinagar (SXR),9,4,87,39,40.0"
" ,2025-07-24,Mumbai (BOM),Srinagar (SXR),A20N (VT-TQM),2:22,1900-01-01 09:40:00,1900-01-01 09:54:00,1900-01-01 12:40:00,1900-01-01 12:16:00,14.0,-24.0,9.0,Thursday,-24.0,9.0,12.0,14.0,-24.0,12.0,3.0,Mumbai (BOM)-Srinagar (SXR),9,3,82,39,14.0"
" ,2025-07-23,Mumbai (BOM),Srinagar (SXR),A20N (VT-TQA),2:15,1900-01-01 09:40:00,1900-01-01 09:59:00,1900-01-01 12:40:00,1900-01-01 12:14:00,19.0,-26.0,9.0,Wednesday,-26.0,9.0,12.0,19.0,-26.0,12.0,2.0,Mumbai (BOM)-Srinagar (SXR),9,2,73,39,19.0"
" ,2025-07-22,Mumbai (BOM),Srinagar (SXR),A20N (VT-TNC),2:21,1900-01-01 09:40:00,1900-01-01 09:48:00,1900-01-01 12:40:00,1900-01-01 12:09:00,8.0,-31.0,9.0,Tuesday,-31.0,9.0,12.0,8.0,-31.0,12.0,1.0,Mumbai (BOM)-Srinagar (SXR),9,1,59,39,8.0"
" ,2025-07-21,Mumbai (BOM),Srinagar (SXR),A20N (VT-TNF),2:23,1900-01-01 09:40:00,1900-01-01 11:45:00,1900-01-01 12:40:00,1900-01-01 14:08:00,125.0,88.0,9.0,Monday,88.0,9.0,12.0,125.0,88.0,12.0,0.0,Mumbai (BOM)-Srinagar (SXR),9,0,61,39,125.0"
" ,2025-07-20,Mumbai (BOM),Srinagar (SXR),A20N (VT-TQT),2:21,1900-01-01 09:40:00,1900-01-01 09:51:00,1900-01-01 12:40:00,1900-01-01 12:12:00,11.0,-28.0,9.0,Sunday,-28.0,9.0,12.0,11.0,-28.0,12.0,6.0,Mumbai (BOM)-Srinagar (SXR),9,6,88,39,11.0"
" ,2025-07-19,Mumbai (BOM),Srinagar (SXR),A20N (VT-TNQ),2:21,1900-01-01 09:40:00,1900-01-01 09:42:00,1900-01-01 12:40:00,1900-01-01 12:02:00,2.0,-38.0,9.0,Saturday,-38.0,9.0,12.0,2.0,-38.0,12.0,5.0,Mumbai (BOM)-Srinagar (SXR),9,5,66,39,2.0"
" ,2025-07-25,Mumbai (BOM),Dhaka (DAC),A21N (VT-IML),2:41,1900-01-01 09:40:00,1900-01-01 10:45:00,1900-01-01 13:10:00,1900-01-01 13:56:00,65.0,46.0,9.0,Friday,46.0,9.0,13.0,65.0,46.0,13.0,4.0,Mumbai (BOM)-Dhaka (DAC),9,4,125,14,65.0"
" ,2025-07-24,Mumbai (BOM),Dhaka (DAC),A21N (VT-IMZ),2:43,1900-01-01 09:40:00,1900-01-01 10:24:00,1900-01-01 13:10:00,1900-01-01 13:36:00,44.0,26.0,9.0,Thursday,26.0,9.0,13.0,44.0,26.0,13.0,3.0,Mumbai (BOM)-Dhaka (DAC),9,3,128,14,44.0"
" ,2025-07-23,Mumbai (BOM),Dhaka (DAC),A21N (VT-IBW),2:35,1900-01-01 09:40:00,1900-01-01 10:37:00,1900-01-01 13:10:00,1900-01-01 13:42:00,57.0,32.0,9.0,Wednesday,32.0,9.0,13.0,57.0,32.0,13.0,2.0,Mumbai (BOM)-Dhaka (DAC),9,2,97,14,57.0"
" ,2025-07-22,Mumbai (BOM),Dhaka (DAC),A21N (VT-ICG),2:42,1900-01-01 09:40:00,1900-01-01 10:23:00,1900-01-01 13:10:00,1900-01-01 13:35:00,43.0,25.0,9.0,Tuesday,25.0,9.0,13.0,43.0,25.0,13.0,1.0,Mumbai (BOM)-Dhaka (DAC),9,1,101,14,43.0"
" ,2025-07-21,Mumbai (BOM),Dhaka (DAC),A21N (VT-ICY),2:52,1900-01-01 09:40:00,1900-01-01 12:23:00,1900-01-01 13:10:00,1900-01-01 15:45:00,163.0,155.0,9.0,Monday,155.0,9.0,13.0,163.0,155.0,13.0,0.0,Mumbai (BOM)-Dhaka (DAC),9,0,110,14,163.0"
" ,2025-07-20,Mumbai (BOM),Dhaka (DAC),A21N (VT-ICY),2:32,1900-01-01 09:40:00,1900-01-01 09:58:00,1900-01-01 13:10:00,1900-01-01 13:00:00,18.0,-10.0,9.0,Sunday,-10.0,9.0,13.0,18.0,-10.0,13.0,6.0,Mumbai (BOM)-Dhaka (DAC),9,6,110,14,18.0"
" ,2025-07-19,Mumbai (BOM),Dhaka (DAC),A21N (VT-IBJ),2:36,1900-01-01 09:40:00,1900-01-01 10:00:00,1900-01-01 13:10:00,1900-01-01 13:05:00,20.0,-5.0,9.0,Saturday,-5.0,9.0,13.0,20.0,-5.0,13.0,5.0,Mumbai (BOM)-Dhaka (DAC),9,5,94,14,20.0"
" ,2025-07-25,Mumbai (BOM),Chandigarh (IXC),A320 (VT-IFP),1:49,1900-01-01 09:40:00,1900-01-01 09:59:00,1900-01-01 11:55:00,1900-01-01 11:48:00,19.0,-7.0,9.0,Friday,-7.0,9.0,11.0,19.0,-7.0,11.0,4.0,Mumbai (BOM)-Chandigarh (IXC),9,4,164,7,19.0"
" ,2025-07-24,Mumbai (BOM),Chandigarh (IXC),A20N (VT-IZE),2:03,1900-01-01 09:40:00,1900-01-01 10:01:00,1900-01-01 11:55:00,1900-01-01 12:04:00,21.0,9.0,9.0,Thursday,9.0,9.0,11.0,21.0,9.0,11.0,3.0,Mumbai (BOM)-Chandigarh (IXC),9,3,51,7,21.0"
" ,2025-07-23,Mumbai (BOM),Chandigarh (IXC),A20N (VT-IIM),2:01,1900-01-01 09:40:00,1900-01-01 10:05:00,1900-01-01 11:55:00,1900-01-01 12:06:00,25.0,11.0,9.0,Wednesday,11.0,9.0,11.0,25.0,11.0,11.0,2.0,Mumbai (BOM)-Chandigarh (IXC),9,2,17,7,25.0"
" ,2025-07-22,Mumbai (BOM),Chandigarh (IXC),A20N (VT-IIX),1:50,1900-01-01 09:40:00,1900-01-01 10:12:00,1900-01-01 11:55:00,1900-01-01 12:02:00,32.0,7.0,9.0,Tuesday,7.0,9.0,11.0,32.0,7.0,11.0,1.0,Mumbai (BOM)-Chandigarh (IXC),9,1,21,7,32.0"
" ,2025-07-21,Mumbai (BOM),Chandigarh (IXC),A20N (VT-IIU),1:54,1900-01-01 09:40:00,1900-01-01 12:42:00,1900-01-01 11:55:00,1900-01-01 14:36:00,182.0,161.0,9.0,Monday,161.0,9.0,11.0,182.0,161.0,11.0,0.0,Mumbai (BOM)-Chandigarh (IXC),9,0,19,7,182.0"
" ,2025-07-20,Mumbai (BOM),Amritsar (ATQ),A320 (VT-IFK),1:52,1900-01-01 09:40:00,1900-01-01 10:03:00,1900-01-01 11:55:00,1900-01-01 11:55:00,23.0,0.0,9.0,Sunday,0.0,9.0,11.0,23.0,0.0,11.0,6.0,Mumbai (BOM)-Amritsar (ATQ),9,6,162,3,23.0"
" ,2025-07-19,Mumbai (BOM),Chandigarh (IXC),A20N (VT-IJX),1:54,1900-01-01 09:40:00,1900-01-01 09:52:00,1900-01-01 11:55:00,1900-01-01 11:46:00,12.0,-9.0,9.0,Saturday,-9.0,9.0,11.0,12.0,-9.0,11.0,5.0,Mumbai (BOM)-Chandigarh (IXC),9,5,24,7,12.0"
" ,2025-07-25,Mumbai (BOM),Udaipur (UDR),A20N (VT-CIO),1:02,1900-01-01 09:45:00,1900-01-01 11:02:00,1900-01-01 11:15:00,1900-01-01 12:04:00,77.0,49.0,9.0,Friday,49.0,9.0,11.0,77.0,49.0,11.0,4.0,Mumbai (BOM)-Udaipur (UDR),9,4,3,42,77.0"
" ,2025-07-24,Mumbai (BOM),Udaipur (UDR),A20N (VT-TYC),1:03,1900-01-01 09:45:00,1900-01-01 10:22:00,1900-01-01 11:15:00,1900-01-01 11:25:00,37.0,10.0,9.0,Thursday,10.0,9.0,11.0,37.0,10.0,11.0,3.0,Mumbai (BOM)-Udaipur (UDR),9,3,92,42,37.0"
" ,2025-07-23,Mumbai (BOM),Udaipur (UDR),A20N (VT-TYB),1:07,1900-01-01 09:45:00,1900-01-01 10:32:00,1900-01-01 11:15:00,1900-01-01 11:39:00,47.0,24.0,9.0,Wednesday,24.0,9.0,11.0,47.0,24.0,11.0,2.0,Mumbai (BOM)-Udaipur (UDR),9,2,91,42,47.0"
" ,2025-07-22,Mumbai (BOM),Udaipur (UDR),A20N (VT-TYB),1:06,1900-01-01 09:45:00,1900-01-01 10:25:00,1900-01-01 11:15:00,1900-01-01 11:31:00,40.0,16.0,9.0,Tuesday,16.0,9.0,11.0,40.0,16.0,11.0,1.0,Mumbai (BOM)-Udaipur (UDR),9,1,91,42,40.0"
" ,2025-07-21,Mumbai (BOM),Udaipur (UDR),A20N (VT-TYB),1:03,1900-01-01 09:45:00,1900-01-01 14:16:00,1900-01-01 11:15:00,1900-01-01 15:19:00,271.0,244.0,9.0,Monday,244.0,9.0,11.0,271.0,244.0,11.0,0.0,Mumbai (BOM)-Udaipur (UDR),9,0,91,42,271.0"
" ,2025-07-20,Mumbai (BOM),Udaipur (UDR),A20N (VT-TYB),1:05,1900-01-01 09:45:00,1900-01-01 10:05:00,1900-01-01 11:15:00,1900-01-01 11:10:00,20.0,-5.0,9.0,Sunday,-5.0,9.0,11.0,20.0,-5.0,11.0,6.0,Mumbai (BOM)-Udaipur (UDR),9,6,91,42,20.0"
" ,2025-07-19,Mumbai (BOM),Udaipur (UDR),A20N (VT-TYE),1:17,1900-01-01 09:45:00,1900-01-01 10:36:00,1900-01-01 11:15:00,1900-01-01 11:53:00,51.0,38.0,9.0,Saturday,38.0,9.0,11.0,51.0,38.0,11.0,5.0,Mumbai (BOM)-Udaipur (UDR),9,5,93,42,51.0"
" ,2025-07-25,Mumbai (BOM),Bengaluru (BLR),A21N (VT-NCC),1:25,1900-01-01 09:50:00,1900-01-01 10:03:00,1900-01-01 12:00:00,1900-01-01 11:28:00,13.0,-32.0,9.0,Friday,-32.0,9.0,12.0,13.0,-32.0,12.0,4.0,Mumbai (BOM)-Bengaluru (BLR),9,4,141,5,13.0"
" ,2025-07-24,Mumbai (BOM),Bengaluru (BLR),A21N (VT-NCE),1:21,1900-01-01 09:50:00,1900-01-01 09:49:00,1900-01-01 12:00:00,1900-01-01 11:10:00,-1.0,-50.0,9.0,Thursday,-50.0,9.0,12.0,-1.0,-50.0,12.0,3.0,Mumbai (BOM)-Bengaluru (BLR),9,3,143,5,-1.0"
" ,2025-07-23,Mumbai (BOM),Bengaluru (BLR),A21N (VT-NCE),1:21,1900-01-01 09:50:00,1900-01-01 10:06:00,1900-01-01 12:00:00,1900-01-01 11:27:00,16.0,-33.0,9.0,Wednesday,-33.0,9.0,12.0,16.0,-33.0,12.0,2.0,Mumbai (BOM)-Bengaluru (BLR),9,2,143,5,16.0"
" ,2025-07-22,Mumbai (BOM),Bengaluru (BLR),A21N (VT-NCQ),1:15,1900-01-01 09:50:00,1900-01-01 09:57:00,1900-01-01 12:00:00,1900-01-01 11:12:00,7.0,-48.0,9.0,Tuesday,-48.0,9.0,12.0,7.0,-48.0,12.0,1.0,Mumbai (BOM)-Bengaluru (BLR),9,1,146,5,7.0"
" ,2025-07-21,Mumbai (BOM),Bengaluru (BLR),A21N (VT-NCD),1:26,1900-01-01 09:50:00,1900-01-01 11:08:00,1900-01-01 12:00:00,1900-01-01 12:33:00,78.0,33.0,9.0,Monday,33.0,9.0,12.0,78.0,33.0,12.0,0.0,Mumbai (BOM)-Bengaluru (BLR),9,0,142,5,78.0"
" ,2025-07-20,Mumbai (BOM),Bengaluru (BLR),A21N (VT-NCD),1:18,1900-01-01 09:50:00,1900-01-01 10:01:00,1900-01-01 12:00:00,1900-01-01 11:19:00,11.0,-41.0,9.0,Sunday,-41.0,9.0,12.0,11.0,-41.0,12.0,6.0,Mumbai (BOM)-Bengaluru (BLR),9,6,142,5,11.0"
" ,2025-07-19,Mumbai (BOM),Bengaluru (BLR),A21N (VT-IWV),1:21,1900-01-01 09:50:00,1900-01-01 10:06:00,1900-01-01 12:00:00,1900-01-01 11:27:00,16.0,-33.0,9.0,Saturday,-33.0,9.0,12.0,16.0,-33.0,12.0,5.0,Mumbai (BOM)-Bengaluru (BLR),9,5,139,5,16.0"
" ,2025-07-25,Mumbai (BOM),Chennai (MAA),A21N (VT-ILD),1:34,1900-01-01 09:55:00,1900-01-01 10:35:00,1900-01-01 12:00:00,1900-01-01 12:09:00,40.0,9.0,9.0,Friday,9.0,9.0,12.0,40.0,9.0,12.0,4.0,Mumbai (BOM)-Chennai (MAA),9,4,113,8,40.0"
" ,2025-07-24,Mumbai (BOM),Chennai (MAA),A21N (VT-IBJ),1:32,1900-01-01 09:55:00,1900-01-01 10:07:00,1900-01-01 12:00:00,1900-01-01 11:39:00,12.0,-21.0,9.0,Thursday,-21.0,9.0,12.0,12.0,-21.0,12.0,3.0,Mumbai (BOM)-Chennai (MAA),9,3,94,8,12.0"
" ,2025-07-23,Mumbai (BOM),Chennai (MAA),A21N (VT-IME),1:34,1900-01-01 09:55:00,1900-01-01 10:09:00,1900-01-01 12:00:00,1900-01-01 11:44:00,14.0,-16.0,9.0,Wednesday,-16.0,9.0,12.0,14.0,-16.0,12.0,2.0,Mumbai (BOM)-Chennai (MAA),9,2,123,8,14.0"
" ,2025-07-22,Mumbai (BOM),Chennai (MAA),A21N (VT-ICQ),1:36,1900-01-01 09:55:00,1900-01-01 10:07:00,1900-01-01 12:00:00,1900-01-01 11:42:00,12.0,-18.0,9.0,Tuesday,-18.0,9.0,12.0,12.0,-18.0,12.0,1.0,Mumbai (BOM)-Chennai (MAA),9,1,107,8,12.0"
" ,2025-07-21,Mumbai (BOM),Chennai (MAA),A21N (VT-ILH),1:31,1900-01-01 09:55:00,1900-01-01 12:44:00,1900-01-01 12:00:00,1900-01-01 14:15:00,169.0,135.0,9.0,Monday,135.0,9.0,12.0,169.0,135.0,12.0,0.0,Mumbai (BOM)-Chennai (MAA),9,0,115,8,169.0"
" ,2025-07-20,Mumbai (BOM),Chennai (MAA),A21N (VT-ICQ),1:35,1900-01-01 09:55:00,1900-01-01 10:16:00,1900-01-01 12:00:00,1900-01-01 11:50:00,21.0,-10.0,9.0,Sunday,-10.0,9.0,12.0,21.0,-10.0,12.0,6.0,Mumbai (BOM)-Chennai (MAA),9,6,107,8,21.0"
" ,2025-07-19,Mumbai (BOM),Chennai (MAA),A21N (VT-ICC),1:31,1900-01-01 09:55:00,1900-01-01 09:57:00,1900-01-01 12:00:00,1900-01-01 11:27:00,2.0,-33.0,9.0,Saturday,-33.0,9.0,12.0,2.0,-33.0,12.0,5.0,Mumbai (BOM)-Chennai (MAA),9,5,99,8,2.0"
" ,2025-07-25,Mumbai (BOM),Delhi (DEL),A20N (VT-ATV),1:49,1900-01-01 10:00:00,1900-01-01 10:22:00,1900-01-01 12:15:00,1900-01-01 12:11:00,22.0,-4.0,10.0,Friday,-4.0,10.0,12.0,22.0,-4.0,12.0,4.0,Mumbai (BOM)-Delhi (DEL),10,4,0,12,22.0"
" ,2025-07-24,Mumbai (BOM),Delhi (DEL),A20N (VT-TNE),1:42,1900-01-01 10:00:00,1900-01-01 10:18:00,1900-01-01 12:15:00,1900-01-01 12:00:00,18.0,-15.0,10.0,Thursday,-15.0,10.0,12.0,18.0,-15.0,12.0,3.0,Mumbai (BOM)-Delhi (DEL),10,3,60,12,18.0"
" ,2025-07-23,Mumbai (BOM),Delhi (DEL),A20N (VT-TNI),1:43,1900-01-01 10:00:00,1900-01-01 10:17:00,1900-01-01 12:15:00,1900-01-01 12:00:00,17.0,-15.0,10.0,Wednesday,-15.0,10.0,12.0,17.0,-15.0,12.0,2.0,Mumbai (BOM)-Delhi (DEL),10,2,62,12,17.0"
" ,2025-07-22,Mumbai (BOM),Delhi (DEL),A20N (VT-TNK),2:09,1900-01-01 10:00:00,1900-01-01 10:14:00,1900-01-01 12:15:00,1900-01-01 12:23:00,14.0,8.0,10.0,Tuesday,8.0,10.0,12.0,14.0,8.0,12.0,1.0,Mumbai (BOM)-Delhi (DEL),10,1,64,12,14.0"
" ,2025-07-21,Mumbai (BOM),Delhi (DEL),A20N (VT-TQO),1:42,1900-01-01 10:00:00,1900-01-01 12:03:00,1900-01-01 12:15:00,1900-01-01 13:45:00,123.0,90.0,10.0,Monday,90.0,10.0,12.0,123.0,90.0,12.0,0.0,Mumbai (BOM)-Delhi (DEL),10,0,84,12,123.0"
" ,2025-07-20,Mumbai (BOM),Delhi (DEL),A20N (VT-TQN),1:42,1900-01-01 10:00:00,1900-01-01 10:08:00,1900-01-01 12:15:00,1900-01-01 11:50:00,8.0,-25.0,10.0,Sunday,-25.0,10.0,12.0,8.0,-25.0,12.0,6.0,Mumbai (BOM)-Delhi (DEL),10,6,83,12,8.0"
" ,2025-07-19,Mumbai (BOM),Delhi (DEL),A20N (VT-TQK),1:46,1900-01-01 10:00:00,1900-01-01 10:10:00,1900-01-01 12:15:00,1900-01-01 11:56:00,10.0,-19.0,10.0,Saturday,-19.0,10.0,12.0,10.0,-19.0,12.0,5.0,Mumbai (BOM)-Delhi (DEL),10,5,80,12,10.0"
" ,2025-07-25,Mumbai (BOM),Kolkata (CCU),A21N (VT-IUO),2:29,1900-01-01 10:05:00,1900-01-01 10:48:00,1900-01-01 12:55:00,1900-01-01 13:18:00,43.0,23.0,10.0,Friday,23.0,10.0,12.0,43.0,23.0,12.0,4.0,Mumbai (BOM)-Kolkata (CCU),10,4,134,33,43.0"
" ,2025-07-24,Mumbai (BOM),Kolkata (CCU),A21N (VT-ICI),2:22,1900-01-01 10:05:00,1900-01-01 10:14:00,1900-01-01 12:55:00,1900-01-01 12:36:00,9.0,-19.0,10.0,Thursday,-19.0,10.0,12.0,9.0,-19.0,12.0,3.0,Mumbai (BOM)-Kolkata (CCU),10,3,103,33,9.0"
" ,2025-07-23,Mumbai (BOM),Kolkata (CCU),A21N (VT-IMI),2:21,1900-01-01 10:05:00,1900-01-01 10:21:00,1900-01-01 12:55:00,1900-01-01 12:42:00,16.0,-13.0,10.0,Wednesday,-13.0,10.0,12.0,16.0,-13.0,12.0,2.0,Mumbai (BOM)-Kolkata (CCU),10,2,124,33,16.0"
" ,2025-07-22,Mumbai (BOM),Kolkata (CCU),A21N (VT-ICC),2:20,1900-01-01 10:05:00,1900-01-01 10:17:00,1900-01-01 12:55:00,1900-01-01 12:37:00,12.0,-18.0,10.0,Tuesday,-18.0,10.0,12.0,12.0,-18.0,12.0,1.0,Mumbai (BOM)-Kolkata (CCU),10,1,99,33,12.0"
" ,2025-07-21,Mumbai (BOM),Kolkata (CCU),A21N (VT-ICT),2:24,1900-01-01 10:05:00,1900-01-01 11:26:00,1900-01-01 12:55:00,1900-01-01 13:51:00,81.0,56.0,10.0,Monday,56.0,10.0,12.0,81.0,56.0,12.0,0.0,Mumbai (BOM)-Kolkata (CCU),10,0,108,33,81.0"
" ,2025-07-20,Mumbai (BOM),Kolkata (CCU),A21N (VT-ILI),2:25,1900-01-01 10:05:00,1900-01-01 10:10:00,1900-01-01 12:55:00,1900-01-01 12:36:00,5.0,-19.0,10.0,Sunday,-19.0,10.0,12.0,5.0,-19.0,12.0,6.0,Mumbai (BOM)-Kolkata (CCU),10,6,116,33,5.0"
" ,2025-07-19,Mumbai (BOM),Kolkata (CCU),A21N (VT-ILV),2:24,1900-01-01 10:05:00,1900-01-01 10:27:00,1900-01-01 12:55:00,1900-01-01 12:50:00,22.0,-5.0,10.0,Saturday,-5.0,10.0,12.0,22.0,-5.0,12.0,5.0,Mumbai (BOM)-Kolkata (CCU),10,5,119,33,22.0"
" ,2025-07-25,Mumbai (BOM),Singapore (SIN),A20N (VT-TQF),5:34,1900-01-01 10:05:00,1900-01-01 10:29:00,1900-01-01 18:30:00,1900-01-01 18:33:00,24.0,3.0,10.0,Friday,3.0,10.0,18.0,24.0,3.0,18.0,4.0,Mumbai (BOM)-Singapore (SIN),10,4,77,38,24.0"
" ,2025-07-24,Mumbai (BOM),Singapore (SIN),A20N (VT-TQF),5:29,1900-01-01 10:05:00,1900-01-01 10:06:00,1900-01-01 18:30:00,1900-01-01 18:05:00,1.0,-25.0,10.0,Thursday,-25.0,10.0,18.0,1.0,-25.0,18.0,3.0,Mumbai (BOM)-Singapore (SIN),10,3,77,38,1.0"
" ,2025-07-23,Mumbai (BOM),Singapore (SIN),A21N (VT-TVF),5:24,1900-01-01 10:05:00,1900-01-01 10:24:00,1900-01-01 18:30:00,1900-01-01 18:17:00,19.0,-13.0,10.0,Wednesday,-13.0,10.0,18.0,19.0,-13.0,18.0,2.0,Mumbai (BOM)-Singapore (SIN),10,2,149,38,19.0"
" ,2025-07-22,Mumbai (BOM),Singapore (SIN),A21N (VT-TVF),5:20,1900-01-01 10:05:00,1900-01-01 10:37:00,1900-01-01 18:30:00,1900-01-01 18:26:00,32.0,-4.0,10.0,Tuesday,-4.0,10.0,18.0,32.0,-4.0,18.0,1.0,Mumbai (BOM)-Singapore (SIN),10,1,149,38,32.0"
" ,2025-07-21,Mumbai (BOM),Singapore (SIN),A21N (VT-TVF),5:14,1900-01-01 10:05:00,1900-01-01 12:04:00,1900-01-01 18:30:00,1900-01-01 19:48:00,119.0,78.0,10.0,Monday,78.0,10.0,18.0,119.0,78.0,18.0,0.0,Mumbai (BOM)-Singapore (SIN),10,0,149,38,119.0"
" ,2025-07-20,Mumbai (BOM),Singapore (SIN),A21N (VT-TVF),5:27,1900-01-01 10:05:00,1900-01-01 12:02:00,1900-01-01 18:30:00,1900-01-01 19:59:00,117.0,89.0,10.0,Sunday,89.0,10.0,18.0,117.0,89.0,18.0,6.0,Mumbai (BOM)-Singapore (SIN),10,6,149,38,117.0"
" ,2025-07-19,Mumbai (BOM),Singapore (SIN),A21N (VT-TVD),5:49,1900-01-01 09:15:00,1900-01-01 09:31:00,1900-01-01 17:40:00,1900-01-01 17:49:00,16.0,9.0,9.0,Saturday,9.0,9.0,17.0,16.0,9.0,17.0,5.0,Mumbai (BOM)-Singapore (SIN),9,5,148,38,16.0"
" ,2025-07-25,Mumbai (BOM),Hyderabad (HYD),A20N (VT-TQE),1:06,1900-01-01 10:05:00,1900-01-01 10:32:00,1900-01-01 11:35:00,1900-01-01 11:38:00,27.0,3.0,10.0,Friday,3.0,10.0,11.0,27.0,3.0,11.0,4.0,Mumbai (BOM)-Hyderabad (HYD),10,4,76,22,27.0"
" ,2025-07-24,Mumbai (BOM),Hyderabad (HYD),A20N (VT-TQA),1:09,1900-01-01 10:05:00,1900-01-01 10:25:00,1900-01-01 11:35:00,1900-01-01 11:35:00,20.0,0.0,10.0,Thursday,0.0,10.0,11.0,20.0,0.0,11.0,3.0,Mumbai (BOM)-Hyderabad (HYD),10,3,73,22,20.0"
" ,2025-07-23,Mumbai (BOM),Hyderabad (HYD),A20N (VT-TQU),1:04,1900-01-01 10:05:00,1900-01-01 10:35:00,1900-01-01 11:35:00,1900-01-01 11:38:00,30.0,3.0,10.0,Wednesday,3.0,10.0,11.0,30.0,3.0,11.0,2.0,Mumbai (BOM)-Hyderabad (HYD),10,2,89,22,30.0"
" ,2025-07-22,Mumbai (BOM),Hyderabad (HYD),A20N (VT-TQK),1:09,1900-01-01 10:05:00,1900-01-01 10:40:00,1900-01-01 11:35:00,1900-01-01 11:49:00,35.0,14.0,10.0,Tuesday,14.0,10.0,11.0,35.0,14.0,11.0,1.0,Mumbai (BOM)-Hyderabad (HYD),10,1,80,22,35.0"
" ,2025-07-21,Mumbai (BOM),Hyderabad (HYD),A20N (VT-TQM),1:06,1900-01-01 10:05:00,1900-01-01 12:09:00,1900-01-01 11:35:00,1900-01-01 13:15:00,124.0,100.0,10.0,Monday,100.0,10.0,11.0,124.0,100.0,11.0,0.0,Mumbai (BOM)-Hyderabad (HYD),10,0,82,22,124.0"
" ,2025-07-20,Mumbai (BOM),Hyderabad (HYD),A20N (VT-TQK),1:02,1900-01-01 10:05:00,1900-01-01 10:18:00,1900-01-01 11:35:00,1900-01-01 11:20:00,13.0,-15.0,10.0,Sunday,-15.0,10.0,11.0,13.0,-15.0,11.0,6.0,Mumbai (BOM)-Hyderabad (HYD),10,6,80,22,13.0"
" ,2025-07-19,Mumbai (BOM),Hyderabad (HYD),A20N (VT-TNJ),1:07,1900-01-01 10:05:00,1900-01-01 10:20:00,1900-01-01 11:35:00,1900-01-01 11:27:00,15.0,-8.0,10.0,Saturday,-8.0,10.0,11.0,15.0,-8.0,11.0,5.0,Mumbai (BOM)-Hyderabad (HYD),10,5,63,22,15.0"
" ,2025-07-25,Mumbai (BOM),Jabalpur (JLR),A20N (VT-ISP),1:25,1900-01-01 10:10:00,1900-01-01 10:53:00,1900-01-01 12:05:00,1900-01-01 12:18:00,43.0,13.0,10.0,Friday,13.0,10.0,12.0,43.0,13.0,12.0,4.0,Mumbai (BOM)-Jabalpur (JLR),10,4,38,24,43.0"
" ,2025-07-24,Mumbai (BOM),Jabalpur (JLR),A20N (VT-IQG),1:22,1900-01-01 10:10:00,1900-01-01 10:28:00,1900-01-01 12:05:00,1900-01-01 11:50:00,18.0,-15.0,10.0,Thursday,-15.0,10.0,12.0,18.0,-15.0,12.0,3.0,Mumbai (BOM)-Jabalpur (JLR),10,3,33,24,18.0"
" ,2025-07-23,Mumbai (BOM),Jabalpur (JLR),A20N (VT-IIL),1:35,1900-01-01 10:10:00,1900-01-01 10:14:00,1900-01-01 12:05:00,1900-01-01 11:49:00,4.0,-16.0,10.0,Wednesday,-16.0,10.0,12.0,4.0,-16.0,12.0,2.0,Mumbai (BOM)-Jabalpur (JLR),10,2,16,24,4.0"
" ,2025-07-22,Mumbai (BOM),Jabalpur (JLR),A20N (VT-IIE),1:30,1900-01-01 10:10:00,1900-01-01 10:31:00,1900-01-01 12:05:00,1900-01-01 12:01:00,21.0,-4.0,10.0,Tuesday,-4.0,10.0,12.0,21.0,-4.0,12.0,1.0,Mumbai (BOM)-Jabalpur (JLR),10,1,14,24,21.0"
" ,2025-07-21,Mumbai (BOM),Jabalpur (JLR),A20N (VT-ITR),1:27,1900-01-01 10:10:00,1900-01-01 12:31:00,1900-01-01 12:05:00,1900-01-01 13:58:00,141.0,113.0,10.0,Monday,113.0,10.0,12.0,141.0,113.0,12.0,0.0,Mumbai (BOM)-Jabalpur (JLR),10,0,41,24,141.0"
" ,2025-07-20,Mumbai (BOM),Jabalpur (JLR),A320 (VT-IFN),1:29,1900-01-01 10:10:00,1900-01-01 10:20:00,1900-01-01 12:05:00,1900-01-01 11:49:00,10.0,-16.0,10.0,Sunday,-16.0,10.0,12.0,10.0,-16.0,12.0,6.0,Mumbai (BOM)-Jabalpur (JLR),10,6,163,24,10.0"
" ,2025-07-19,Mumbai (BOM),Jabalpur (JLR),A20N (VT-ITR),1:15,1900-01-01 10:10:00,1900-01-01 10:03:00,1900-01-01 12:05:00,1900-01-01 11:18:00,-7.0,-47.0,10.0,Saturday,-47.0,10.0,12.0,-7.0,-47.0,12.0,5.0,Mumbai (BOM)-Jabalpur (JLR),10,5,41,24,-7.0"
" ,2025-07-25,Mumbai (BOM),Dubai (DXB),B77W (A6-EGK),2:27,1900-01-01 10:15:00,1900-01-01 10:50:00,1900-01-01 11:45:00,1900-01-01 11:47:00,35.0,2.0,10.0,Friday,2.0,10.0,11.0,35.0,2.0,11.0,4.0,Mumbai (BOM)-Dubai (DXB),10,4,197,17,35.0"
" ,2025-07-24,Mumbai (BOM),Dubai (DXB),B77W (A6-EGX),2:15,1900-01-01 10:15:00,1900-01-01 10:36:00,1900-01-01 11:45:00,1900-01-01 11:21:00,21.0,-24.0,10.0,Thursday,-24.0,10.0,11.0,21.0,-24.0,11.0,3.0,Mumbai (BOM)-Dubai (DXB),10,3,200,17,21.0"
" ,2025-07-23,Mumbai (BOM),Dubai (DXB),B77W (A6-ENG),2:25,1900-01-01 10:15:00,1900-01-01 10:42:00,1900-01-01 11:45:00,1900-01-01 11:38:00,27.0,-7.0,10.0,Wednesday,-7.0,10.0,11.0,27.0,-7.0,11.0,2.0,Mumbai (BOM)-Dubai (DXB),10,2,201,17,27.0"
" ,2025-07-22,Mumbai (BOM),Dubai (DXB),B77W (A6-EGO),2:21,1900-01-01 10:15:00,1900-01-01 10:48:00,1900-01-01 11:45:00,1900-01-01 11:39:00,33.0,-6.0,10.0,Tuesday,-6.0,10.0,11.0,33.0,-6.0,11.0,1.0,Mumbai (BOM)-Dubai (DXB),10,1,198,17,33.0"
" ,2025-07-21,Mumbai (BOM),Dubai (DXB),B77L (A6-EWF),2:16,1900-01-01 10:15:00,1900-01-01 12:47:00,1900-01-01 11:45:00,1900-01-01 13:32:00,152.0,107.0,10.0,Monday,107.0,10.0,11.0,152.0,107.0,11.0,0.0,Mumbai (BOM)-Dubai (DXB),10,0,193,17,152.0"
" ,2025-07-20,Mumbai (BOM),Dubai (DXB),B77W (A6-EGP),2:22,1900-01-01 10:15:00,1900-01-01 10:34:00,1900-01-01 11:45:00,1900-01-01 11:26:00,19.0,-19.0,10.0,Sunday,-19.0,10.0,11.0,19.0,-19.0,11.0,6.0,Mumbai (BOM)-Dubai (DXB),10,6,199,17,19.0"
" ,2025-07-19,Mumbai (BOM),Dubai (DXB),B77W (A6-EPF),2:30,1900-01-01 10:15:00,1900-01-01 10:53:00,1900-01-01 11:45:00,1900-01-01 11:54:00,38.0,9.0,10.0,Saturday,9.0,10.0,11.0,38.0,9.0,11.0,5.0,Mumbai (BOM)-Dubai (DXB),10,5,202,17,38.0"
" ,2025-07-25,Mumbai (BOM),Varanasi (VNS),A319 (VT-SCF),1:57,1900-01-01 10:20:00,1900-01-01 10:38:00,1900-01-01 12:35:00,1900-01-01 12:34:00,18.0,-1.0,10.0,Friday,-1.0,10.0,12.0,18.0,-1.0,12.0,4.0,Mumbai (BOM)-Varanasi (VNS),10,4,152,43,18.0"
" ,2025-07-24,Mumbai (BOM),Varanasi (VNS),A319 (VT-SCV),1:53,1900-01-01 10:15:00,1900-01-01 10:43:00,1900-01-01 12:35:00,1900-01-01 12:35:00,28.0,0.0,10.0,Thursday,0.0,10.0,12.0,28.0,0.0,12.0,3.0,Mumbai (BOM)-Varanasi (VNS),10,3,153,43,28.0"
" ,2025-07-23,Mumbai (BOM),Varanasi (VNS),A319 (VT-SCF),1:55,1900-01-01 10:30:00,1900-01-01 10:48:00,1900-01-01 12:50:00,1900-01-01 12:44:00,18.0,-6.0,10.0,Wednesday,-6.0,10.0,12.0,18.0,-6.0,12.0,2.0,Mumbai (BOM)-Varanasi (VNS),10,2,152,43,18.0"
" ,2025-07-22,Mumbai (BOM),Varanasi (VNS),A319 (VT-SCV),1:56,1900-01-01 10:20:00,1900-01-01 10:41:00,1900-01-01 12:35:00,1900-01-01 12:36:00,21.0,1.0,10.0,Tuesday,1.0,10.0,12.0,21.0,1.0,12.0,1.0,Mumbai (BOM)-Varanasi (VNS),10,1,153,43,21.0"
" ,2025-07-21,Mumbai (BOM),Varanasi (VNS),A319 (VT-SCF),1:58,1900-01-01 10:20:00,1900-01-01 12:14:00,1900-01-01 12:35:00,1900-01-01 14:12:00,114.0,97.0,10.0,Monday,97.0,10.0,12.0,114.0,97.0,12.0,0.0,Mumbai (BOM)-Varanasi (VNS),10,0,152,43,114.0"
" ,2025-07-20,Mumbai (BOM),Varanasi (VNS),A319 (VT-SCV),1:57,1900-01-01 10:20:00,1900-01-01 10:39:00,1900-01-01 12:35:00,1900-01-01 12:36:00,19.0,1.0,10.0,Sunday,1.0,10.0,12.0,19.0,1.0,12.0,6.0,Mumbai (BOM)-Varanasi (VNS),10,6,153,43,19.0"
" ,2025-07-19,Mumbai (BOM),Varanasi (VNS),A319 (VT-SCF),1:55,1900-01-01 10:20:00,1900-01-01 10:41:00,1900-01-01 12:35:00,1900-01-01 12:36:00,21.0,1.0,10.0,Saturday,1.0,10.0,12.0,21.0,1.0,12.0,5.0,Mumbai (BOM)-Varanasi (VNS),10,5,152,43,21.0"
" ,2025-07-25,Mumbai (BOM),Indore (IDR),A21N (VT-IMZ),0:53,1900-01-01 10:20:00,1900-01-01 11:08:00,1900-01-01 11:45:00,1900-01-01 12:01:00,48.0,16.0,10.0,Friday,16.0,10.0,11.0,48.0,16.0,11.0,4.0,Mumbai (BOM)-Indore (IDR),10,4,128,23,48.0"
" ,2025-07-24,Mumbai (BOM),Indore (IDR),A21N (VT-IBW),0:59,1900-01-01 10:20:00,1900-01-01 10:34:00,1900-01-01 11:45:00,1900-01-01 11:33:00,14.0,-12.0,10.0,Thursday,-12.0,10.0,11.0,14.0,-12.0,11.0,3.0,Mumbai (BOM)-Indore (IDR),10,3,97,23,14.0"
" ,2025-07-23,Mumbai (BOM),Indore (IDR),A21N (VT-ICG),0:57,1900-01-01 10:20:00,1900-01-01 11:52:00,1900-01-01 11:45:00,1900-01-01 12:49:00,92.0,64.0,10.0,Wednesday,64.0,10.0,11.0,92.0,64.0,11.0,2.0,Mumbai (BOM)-Indore (IDR),10,2,101,23,92.0"
" ,2025-07-22,Mumbai (BOM),Indore (IDR),A21N (VT-ICO),0:56,1900-01-01 10:20:00,1900-01-01 10:47:00,1900-01-01 11:45:00,1900-01-01 11:44:00,27.0,-1.0,10.0,Tuesday,-1.0,10.0,11.0,27.0,-1.0,11.0,1.0,Mumbai (BOM)-Indore (IDR),10,1,106,23,27.0"
" ,2025-07-21,Mumbai (BOM),Indore (IDR),A21N (VT-IBO),0:59,1900-01-01 10:20:00,1900-01-01 11:15:00,1900-01-01 11:45:00,1900-01-01 12:14:00,55.0,29.0,10.0,Monday,29.0,10.0,11.0,55.0,29.0,11.0,0.0,Mumbai (BOM)-Indore (IDR),10,0,95,23,55.0"
" ,2025-07-20,Mumbai (BOM),Indore (IDR),A21N (VT-IBY),0:57,1900-01-01 10:20:00,1900-01-01 10:42:00,1900-01-01 11:45:00,1900-01-01 11:39:00,22.0,-6.0,10.0,Sunday,-6.0,10.0,11.0,22.0,-6.0,11.0,6.0,Mumbai (BOM)-Indore (IDR),10,6,98,23,22.0"
" ,2025-07-19,Mumbai (BOM),Indore (IDR),A21N (VT-ILQ),0:59,1900-01-01 10:20:00,1900-01-01 10:48:00,1900-01-01 11:45:00,1900-01-01 11:47:00,28.0,2.0,10.0,Saturday,2.0,10.0,11.0,28.0,2.0,11.0,5.0,Mumbai (BOM)-Indore (IDR),10,5,118,23,28.0"
" ,2025-07-25,Mumbai (BOM),Amritsar (ATQ),A20N (VT-ISM),1:52,1900-01-01 10:25:00,1900-01-01 10:56:00,1900-01-01 12:40:00,1900-01-01 12:48:00,31.0,8.0,10.0,Friday,8.0,10.0,12.0,31.0,8.0,12.0,4.0,Mumbai (BOM)-Amritsar (ATQ),10,4,37,3,31.0"
" ,2025-07-22,Mumbai (BOM),Amritsar (ATQ),A20N (VT-IQA),1:56,1900-01-01 10:25:00,1900-01-01 11:01:00,1900-01-01 12:40:00,1900-01-01 12:57:00,36.0,17.0,10.0,Tuesday,17.0,10.0,12.0,36.0,17.0,12.0,1.0,Mumbai (BOM)-Amritsar (ATQ),10,1,31,3,36.0"
" ,2025-07-20,Mumbai (BOM),Durgapur (RDP),A20N (VT-IPD),2:18,1900-01-01 10:25:00,1900-01-01 10:27:00,1900-01-01 13:00:00,1900-01-01 12:45:00,2.0,-15.0,10.0,Sunday,-15.0,10.0,13.0,2.0,-15.0,13.0,6.0,Mumbai (BOM)-Durgapur (RDP),10,6,25,18,2.0"
" ,2025-07-25,Mumbai (BOM),Bhopal (BHO),A20N (VT-RTJ),1:10,1900-01-01 10:25:00,1900-01-01 12:14:00,1900-01-01 12:05:00,1900-01-01 13:24:00,109.0,79.0,10.0,Friday,79.0,10.0,12.0,109.0,79.0,12.0,4.0,Mumbai (BOM)-Bhopal (BHO),10,4,53,6,109.0"
" ,2025-07-24,Mumbai (BOM),Bhopal (BHO),A20N (VT-EXU),1:08,1900-01-01 10:25:00,1900-01-01 11:31:00,1900-01-01 12:05:00,1900-01-01 12:39:00,66.0,34.0,10.0,Thursday,34.0,10.0,12.0,66.0,34.0,12.0,3.0,Mumbai (BOM)-Bhopal (BHO),10,3,11,6,66.0"
" ,2025-07-23,Mumbai (BOM),Bhopal (BHO),A20N (VT-RTJ),1:14,1900-01-01 10:25:00,1900-01-01 10:51:00,1900-01-01 12:05:00,1900-01-01 12:04:00,26.0,-1.0,10.0,Wednesday,-1.0,10.0,12.0,26.0,-1.0,12.0,2.0,Mumbai (BOM)-Bhopal (BHO),10,2,53,6,26.0"
" ,2025-07-22,Mumbai (BOM),Bhopal (BHO),A20N (VT-CIN),1:05,1900-01-01 10:25:00,1900-01-01 10:53:00,1900-01-01 12:05:00,1900-01-01 11:59:00,28.0,-6.0,10.0,Tuesday,-6.0,10.0,12.0,28.0,-6.0,12.0,1.0,Mumbai (BOM)-Bhopal (BHO),10,1,2,6,28.0"
" ,2025-07-21,Mumbai (BOM),Bhopal (BHO),A321 (VT-PPM),1:19,1900-01-01 10:25:00,1900-01-01 12:51:00,1900-01-01 12:05:00,1900-01-01 14:11:00,146.0,126.0,10.0,Monday,126.0,10.0,12.0,146.0,126.0,12.0,0.0,Mumbai (BOM)-Bhopal (BHO),10,0,166,6,146.0"
" ,2025-07-20,Mumbai (BOM),Bhopal (BHO),A321 (VT-PPO),1:07,1900-01-01 10:25:00,1900-01-01 10:44:00,1900-01-01 12:05:00,1900-01-01 11:51:00,19.0,-14.0,10.0,Sunday,-14.0,10.0,12.0,19.0,-14.0,12.0,6.0,Mumbai (BOM)-Bhopal (BHO),10,6,167,6,19.0"
" ,2025-07-19,Mumbai (BOM),Bhopal (BHO),A321 (VT-PPM),1:05,1900-01-01 10:25:00,1900-01-01 10:35:00,1900-01-01 12:05:00,1900-01-01 11:40:00,10.0,-25.0,10.0,Saturday,-25.0,10.0,12.0,10.0,-25.0,12.0,5.0,Mumbai (BOM)-Bhopal (BHO),10,5,166,6,10.0"
" ,2025-07-25,Mumbai (BOM),Delhi (DEL),A20N (VT-TQB),1:42,1900-01-01 10:30:00,1900-01-01 10:59:00,1900-01-01 12:45:00,1900-01-01 12:41:00,29.0,-4.0,10.0,Friday,-4.0,10.0,12.0,29.0,-4.0,12.0,4.0,Mumbai (BOM)-Delhi (DEL),10,4,74,12,29.0"
" ,2025-07-24,Mumbai (BOM),Delhi (DEL),A20N (VT-TQJ),1:47,1900-01-01 10:30:00,1900-01-01 10:46:00,1900-01-01 12:45:00,1900-01-01 12:33:00,16.0,-12.0,10.0,Thursday,-12.0,10.0,12.0,16.0,-12.0,12.0,3.0,Mumbai (BOM)-Delhi (DEL),10,3,79,12,16.0"
" ,2025-07-23,Mumbai (BOM),Delhi (DEL),A20N (VT-TQE),1:47,1900-01-01 10:30:00,1900-01-01 10:45:00,1900-01-01 12:45:00,1900-01-01 12:32:00,15.0,-13.0,10.0,Wednesday,-13.0,10.0,12.0,15.0,-13.0,12.0,2.0,Mumbai (BOM)-Delhi (DEL),10,2,76,12,15.0"
" ,2025-07-22,Mumbai (BOM),Delhi (DEL),A20N (VT-TNZ),1:58,1900-01-01 10:30:00,1900-01-01 11:07:00,1900-01-01 12:45:00,1900-01-01 13:05:00,37.0,20.0,10.0,Tuesday,20.0,10.0,12.0,37.0,20.0,12.0,1.0,Mumbai (BOM)-Delhi (DEL),10,1,72,12,37.0"
" ,2025-07-21,Mumbai (BOM),Delhi (DEL),A20N (VT-TNW),1:48,1900-01-01 10:30:00,1900-01-01 12:49:00,1900-01-01 12:45:00,1900-01-01 14:37:00,139.0,112.0,10.0,Monday,112.0,10.0,12.0,139.0,112.0,12.0,0.0,Mumbai (BOM)-Delhi (DEL),10,0,70,12,139.0"
" ,2025-07-20,Mumbai (BOM),Delhi (DEL),A20N (VT-TNK),1:39,1900-01-01 10:30:00,1900-01-01 10:47:00,1900-01-01 12:45:00,1900-01-01 12:26:00,17.0,-19.0,10.0,Sunday,-19.0,10.0,12.0,17.0,-19.0,12.0,6.0,Mumbai (BOM)-Delhi (DEL),10,6,64,12,17.0"
" ,2025-07-19,Mumbai (BOM),Delhi (DEL),A20N (VT-TQP),1:37,1900-01-01 10:30:00,1900-01-01 10:45:00,1900-01-01 12:45:00,1900-01-01 12:23:00,15.0,-22.0,10.0,Saturday,-22.0,10.0,12.0,15.0,-22.0,12.0,5.0,Mumbai (BOM)-Delhi (DEL),10,5,85,12,15.0"
" ,2025-07-25,Mumbai (BOM),Darbhanga (DBR),A20N (VT-IJU),2:18,1900-01-01 10:35:00,1900-01-01 11:11:00,1900-01-01 13:05:00,1900-01-01 13:30:00,36.0,25.0,10.0,Friday,25.0,10.0,13.0,36.0,25.0,13.0,4.0,Mumbai (BOM)-Darbhanga (DBR),10,4,23,11,36.0"
" ,2025-07-24,Mumbai (BOM),Deoghar (DGH),A20N (VT-IPD),2:10,1900-01-01 10:45:00,1900-01-01 10:58:00,1900-01-01 13:10:00,1900-01-01 13:08:00,13.0,-2.0,10.0,Thursday,-2.0,10.0,13.0,13.0,-2.0,13.0,3.0,Mumbai (BOM)-Deoghar (DGH),10,3,25,13,13.0"
" ,2025-07-22,Mumbai (BOM),Deoghar (DGH),A20N (VT-IXI),2:14,1900-01-01 10:45:00,1900-01-01 11:05:00,1900-01-01 13:10:00,1900-01-01 13:19:00,20.0,9.0,10.0,Tuesday,9.0,10.0,13.0,20.0,9.0,13.0,1.0,Mumbai (BOM)-Deoghar (DGH),10,1,47,13,20.0"
" ,2025-07-21,Mumbai (BOM),Darbhanga (DBR),A320 (VT-IFN),2:21,1900-01-01 10:35:00,1900-01-01 13:12:00,1900-01-01 13:05:00,1900-01-01 15:33:00,157.0,148.0,10.0,Monday,148.0,10.0,13.0,157.0,148.0,13.0,0.0,Mumbai (BOM)-Darbhanga (DBR),10,0,163,11,157.0"
" ,2025-07-20,Mumbai (BOM),Darbhanga (DBR),A20N (VT-IIH),2:20,1900-01-01 10:35:00,1900-01-01 10:46:00,1900-01-01 13:05:00,1900-01-01 13:06:00,11.0,1.0,10.0,Sunday,1.0,10.0,13.0,11.0,1.0,13.0,6.0,Mumbai (BOM)-Darbhanga (DBR),10,6,15,11,11.0"
" ,2025-07-19,Mumbai (BOM),Deoghar (DGH),A20N (VT-IJQ),2:09,1900-01-01 10:45:00,1900-01-01 10:58:00,1900-01-01 13:10:00,1900-01-01 13:08:00,13.0,-2.0,10.0,Saturday,-2.0,10.0,13.0,13.0,-2.0,13.0,5.0,Mumbai (BOM)-Deoghar (DGH),10,5,22,13,13.0"
" ,2025-07-25,Mumbai (BOM),Thiruvananthapuram (TRV),A21N (VT-ILZ),1:49,1900-01-01 10:35:00,1900-01-01 11:51:00,1900-01-01 12:50:00,1900-01-01 13:40:00,76.0,50.0,10.0,Friday,50.0,10.0,12.0,76.0,50.0,12.0,4.0,Mumbai (BOM)-Thiruvananthapuram (TRV),10,4,120,40,76.0"
" ,2025-07-24,Mumbai (BOM),Thiruvananthapuram (TRV),A21N (VT-ILH),1:49,1900-01-01 10:35:00,1900-01-01 11:07:00,1900-01-01 12:50:00,1900-01-01 12:57:00,32.0,7.0,10.0,Thursday,7.0,10.0,12.0,32.0,7.0,12.0,3.0,Mumbai (BOM)-Thiruvananthapuram (TRV),10,3,115,40,32.0"
" ,2025-07-23,Mumbai (BOM),Thiruvananthapuram (TRV),A21N (VT-IRV),1:54,1900-01-01 10:35:00,1900-01-01 11:00:00,1900-01-01 12:50:00,1900-01-01 12:53:00,25.0,3.0,10.0,Wednesday,3.0,10.0,12.0,25.0,3.0,12.0,2.0,Mumbai (BOM)-Thiruvananthapuram (TRV),10,2,129,40,25.0"
" ,2025-07-22,Mumbai (BOM),Thiruvananthapuram (TRV),A21N (VT-IMU),1:47,1900-01-01 10:35:00,1900-01-01 11:26:00,1900-01-01 12:50:00,1900-01-01 13:12:00,51.0,22.0,10.0,Tuesday,22.0,10.0,12.0,51.0,22.0,12.0,1.0,Mumbai (BOM)-Thiruvananthapuram (TRV),10,1,127,40,51.0"
" ,2025-07-21,Mumbai (BOM),Thiruvananthapuram (TRV),A21N (VT-IML),1:50,1900-01-01 10:35:00,1900-01-01 13:51:00,1900-01-01 12:50:00,1900-01-01 15:42:00,196.0,172.0,10.0,Monday,172.0,10.0,12.0,196.0,172.0,12.0,0.0,Mumbai (BOM)-Thiruvananthapuram (TRV),10,0,125,40,196.0"
" ,2025-07-20,Mumbai (BOM),Thiruvananthapuram (TRV),A21N (VT-IBJ),1:45,1900-01-01 10:35:00,1900-01-01 11:00:00,1900-01-01 12:50:00,1900-01-01 12:45:00,25.0,-5.0,10.0,Sunday,-5.0,10.0,12.0,25.0,-5.0,12.0,6.0,Mumbai (BOM)-Thiruvananthapuram (TRV),10,6,94,40,25.0"
" ,2025-07-19,Mumbai (BOM),Thiruvananthapuram (TRV),A21N (VT-IRX),1:49,1900-01-01 10:35:00,1900-01-01 11:18:00,1900-01-01 12:50:00,1900-01-01 13:07:00,43.0,17.0,10.0,Saturday,17.0,10.0,12.0,43.0,17.0,12.0,5.0,Mumbai (BOM)-Thiruvananthapuram (TRV),10,5,131,40,43.0"
" ,2025-07-25,Mumbai (BOM),Tiruchirapalli (TRZ),A21N (VT-ICZ),1:34,1900-01-01 10:35:00,1900-01-01 11:18:00,1900-01-01 12:40:00,1900-01-01 12:52:00,43.0,12.0,10.0,Friday,12.0,10.0,12.0,43.0,12.0,12.0,4.0,Mumbai (BOM)-Tiruchirapalli (TRZ),10,4,111,41,43.0"
" ,2025-07-24,Mumbai (BOM),Tiruchirapalli (TRZ),A21N (VT-ILC),1:38,1900-01-01 10:35:00,1900-01-01 10:50:00,1900-01-01 12:40:00,1900-01-01 12:28:00,15.0,-12.0,10.0,Thursday,-12.0,10.0,12.0,15.0,-12.0,12.0,3.0,Mumbai (BOM)-Tiruchirapalli (TRZ),10,3,112,41,15.0"
" ,2025-07-23,Mumbai (BOM),Tiruchirapalli (TRZ),A21N (VT-ILC),1:37,1900-01-01 10:35:00,1900-01-01 10:54:00,1900-01-01 12:40:00,1900-01-01 12:31:00,19.0,-9.0,10.0,Wednesday,-9.0,10.0,12.0,19.0,-9.0,12.0,2.0,Mumbai (BOM)-Tiruchirapalli (TRZ),10,2,112,41,19.0"
" ,2025-07-22,Mumbai (BOM),Tiruchirapalli (TRZ),A21N (VT-ILC),1:39,1900-01-01 10:35:00,1900-01-01 11:04:00,1900-01-01 12:40:00,1900-01-01 12:43:00,29.0,3.0,10.0,Tuesday,3.0,10.0,12.0,29.0,3.0,12.0,1.0,Mumbai (BOM)-Tiruchirapalli (TRZ),10,1,112,41,29.0"
" ,2025-07-21,Mumbai (BOM),Tiruchirapalli (TRZ),A21N (VT-ICF),1:35,1900-01-01 10:35:00,1900-01-01 14:01:00,1900-01-01 12:40:00,1900-01-01 15:35:00,206.0,175.0,10.0,Monday,175.0,10.0,12.0,206.0,175.0,12.0,0.0,Mumbai (BOM)-Tiruchirapalli (TRZ),10,0,100,41,206.0"
" ,2025-07-20,Mumbai (BOM),Tiruchirapalli (TRZ),A21N (VT-ICZ),1:37,1900-01-01 10:35:00,1900-01-01 10:50:00,1900-01-01 12:40:00,1900-01-01 12:27:00,15.0,-13.0,10.0,Sunday,-13.0,10.0,12.0,15.0,-13.0,12.0,6.0,Mumbai (BOM)-Tiruchirapalli (TRZ),10,6,111,41,15.0"
" ,2025-07-19,Mumbai (BOM),Tiruchirapalli (TRZ),A21N (VT-ICZ),1:37,1900-01-01 10:35:00,1900-01-01 11:07:00,1900-01-01 12:40:00,1900-01-01 12:44:00,32.0,4.0,10.0,Saturday,4.0,10.0,12.0,32.0,4.0,12.0,5.0,Mumbai (BOM)-Tiruchirapalli (TRZ),10,5,111,41,32.0"
" ,2025-07-25,Mumbai (BOM),Kannur (CNN),A20N (VT-IPZ),1:18,1900-01-01 10:40:00,1900-01-01 11:27:00,1900-01-01 12:25:00,1900-01-01 12:45:00,47.0,20.0,10.0,Friday,20.0,10.0,12.0,47.0,20.0,12.0,4.0,Mumbai (BOM)-Kannur (CNN),10,4,30,30,47.0"
" ,2025-07-24,Mumbai (BOM),Kannur (CNN),A20N (VT-IVP),1:19,1900-01-01 10:40:00,1900-01-01 10:53:00,1900-01-01 12:25:00,1900-01-01 12:11:00,13.0,-14.0,10.0,Thursday,-14.0,10.0,12.0,13.0,-14.0,12.0,3.0,Mumbai (BOM)-Kannur (CNN),10,3,43,30,13.0"
" ,2025-07-23,Mumbai (BOM),Kannur (CNN),A20N (VT-ITO),1:17,1900-01-01 10:40:00,1900-01-01 11:15:00,1900-01-01 12:25:00,1900-01-01 12:32:00,35.0,7.0,10.0,Wednesday,7.0,10.0,12.0,35.0,7.0,12.0,2.0,Mumbai (BOM)-Kannur (CNN),10,2,40,30,35.0"
" ,2025-07-22,Mumbai (BOM),Kannur (CNN),A320 (VT-IAX),1:18,1900-01-01 10:40:00,1900-01-01 11:14:00,1900-01-01 12:25:00,1900-01-01 12:32:00,34.0,7.0,10.0,Tuesday,7.0,10.0,12.0,34.0,7.0,12.0,1.0,Mumbai (BOM)-Kannur (CNN),10,1,161,30,34.0"
" ,2025-07-21,Mumbai (BOM),Kannur (CNN),A20N (VT-ISA),1:18,1900-01-01 10:40:00,1900-01-01 12:50:00,1900-01-01 12:25:00,1900-01-01 14:08:00,130.0,103.0,10.0,Monday,103.0,10.0,12.0,130.0,103.0,12.0,0.0,Mumbai (BOM)-Kannur (CNN),10,0,36,30,130.0"
" ,2025-07-20,Mumbai (BOM),Kannur (CNN),A20N (VT-IIA),1:17,1900-01-01 10:40:00,1900-01-01 11:05:00,1900-01-01 12:25:00,1900-01-01 12:22:00,25.0,-3.0,10.0,Sunday,-3.0,10.0,12.0,25.0,-3.0,12.0,6.0,Mumbai (BOM)-Kannur (CNN),10,6,13,30,25.0"
" ,2025-07-19,Mumbai (BOM),Kannur (CNN),A20N (VT-IPR),1:17,1900-01-01 10:40:00,1900-01-01 11:17:00,1900-01-01 12:25:00,1900-01-01 12:34:00,37.0,9.0,10.0,Saturday,9.0,10.0,12.0,37.0,9.0,12.0,5.0,Mumbai (BOM)-Kannur (CNN),10,5,27,30,37.0"
" ,2025-07-25,Mumbai (BOM),Rajkot (HSR),A21N (VT-IME),,1900-01-01 10:45:00,1900-01-01 11:21:00,1900-01-01 11:55:00,,36.0,,10.0,Friday,,10.0,11.0,36.0,,11.0,4.0,Mumbai (BOM)-Rajkot (HSR),10,4,123,36,36.0"
" ,2025-07-24,Mumbai (BOM),Rajkot (HSR),A21N (VT-ICL),0:40,1900-01-01 10:45:00,1900-01-01 10:55:00,1900-01-01 11:55:00,1900-01-01 11:35:00,10.0,-20.0,10.0,Thursday,-20.0,10.0,11.0,10.0,-20.0,11.0,3.0,Mumbai (BOM)-Rajkot (HSR),10,3,104,36,10.0"
" ,2025-07-23,Mumbai (BOM),Rajkot (HSR),A21N (VT-ICZ),0:42,1900-01-01 10:45:00,1900-01-01 11:04:00,1900-01-01 11:55:00,1900-01-01 11:45:00,19.0,-10.0,10.0,Wednesday,-10.0,10.0,11.0,19.0,-10.0,11.0,2.0,Mumbai (BOM)-Rajkot (HSR),10,2,111,36,19.0"
" ,2025-07-22,Mumbai (BOM),Rajkot (HSR),A21N (VT-IRW),0:44,1900-01-01 10:45:00,1900-01-01 11:11:00,1900-01-01 11:55:00,1900-01-01 11:55:00,26.0,0.0,10.0,Tuesday,0.0,10.0,11.0,26.0,0.0,11.0,1.0,Mumbai (BOM)-Rajkot (HSR),10,1,130,36,26.0"
" ,2025-07-21,Mumbai (BOM),Rajkot (HSR),A21N (VT-IRZ),0:46,1900-01-01 10:45:00,1900-01-01 12:58:00,1900-01-01 11:55:00,1900-01-01 13:44:00,133.0,109.0,10.0,Monday,109.0,10.0,11.0,133.0,109.0,11.0,0.0,Mumbai (BOM)-Rajkot (HSR),10,0,133,36,133.0"
" ,2025-07-20,Mumbai (BOM),Rajkot (HSR),A21N (VT-IMI),0:47,1900-01-01 10:45:00,1900-01-01 10:53:00,1900-01-01 11:55:00,1900-01-01 11:40:00,8.0,-15.0,10.0,Sunday,-15.0,10.0,11.0,8.0,-15.0,11.0,6.0,Mumbai (BOM)-Rajkot (HSR),10,6,124,36,8.0"
" ,2025-07-19,Mumbai (BOM),Rajkot (HSR),A21N (VT-IBO),0:46,1900-01-01 10:45:00,1900-01-01 10:51:00,1900-01-01 11:55:00,1900-01-01 11:37:00,6.0,-18.0,10.0,Saturday,-18.0,10.0,11.0,6.0,-18.0,11.0,5.0,Mumbai (BOM)-Rajkot (HSR),10,5,95,36,6.0"
" ,2025-07-25,Mumbai (BOM),Darbhanga (DBR),B38M (VT-YAA),2:21,1900-01-01 10:50:00,1900-01-01 13:34:00,1900-01-01 13:30:00,1900-01-01 15:55:00,164.0,145.0,10.0,Friday,145.0,10.0,13.0,164.0,145.0,13.0,4.0,Mumbai (BOM)-Darbhanga (DBR),10,4,174,11,164.0"
" ,2025-07-24,Mumbai (BOM),Darbhanga (DBR),B38M (VT-YAG),2:15,1900-01-01 10:50:00,1900-01-01 11:10:00,1900-01-01 13:30:00,1900-01-01 13:25:00,20.0,-5.0,10.0,Thursday,-5.0,10.0,13.0,20.0,-5.0,13.0,3.0,Mumbai (BOM)-Darbhanga (DBR),10,3,178,11,20.0"
" ,2025-07-23,Mumbai (BOM),Darbhanga (DBR),B38M (VT-YAC),2:32,1900-01-01 10:50:00,1900-01-01 11:03:00,1900-01-01 13:30:00,1900-01-01 13:35:00,13.0,5.0,10.0,Wednesday,5.0,10.0,13.0,13.0,5.0,13.0,2.0,Mumbai (BOM)-Darbhanga (DBR),10,2,176,11,13.0"
" ,2025-07-22,Mumbai (BOM),Darbhanga (DBR),B38M (VT-YAS),2:31,1900-01-01 10:50:00,1900-01-01 11:22:00,1900-01-01 13:30:00,1900-01-01 13:52:00,32.0,22.0,10.0,Tuesday,22.0,10.0,13.0,32.0,22.0,13.0,1.0,Mumbai (BOM)-Darbhanga (DBR),10,1,184,11,32.0"
" ,2025-07-21,Mumbai (BOM),Darbhanga (DBR),B38M (VT-YAA),2:23,1900-01-01 10:50:00,1900-01-01 13:22:00,1900-01-01 13:30:00,1900-01-01 15:44:00,152.0,134.0,10.0,Monday,134.0,10.0,13.0,152.0,134.0,13.0,0.0,Mumbai (BOM)-Darbhanga (DBR),10,0,174,11,152.0"
" ,2025-07-20,Mumbai (BOM),Darbhanga (DBR),B38M (VT-YAH),2:17,1900-01-01 10:55:00,1900-01-01 11:03:00,1900-01-01 13:30:00,1900-01-01 13:20:00,8.0,-10.0,10.0,Sunday,-10.0,10.0,13.0,8.0,-10.0,13.0,6.0,Mumbai (BOM)-Darbhanga (DBR),10,6,179,11,8.0"
" ,2025-07-19,Mumbai (BOM),Darbhanga (DBR),B38M (VT-YAL),2:19,1900-01-01 10:55:00,1900-01-01 10:56:00,1900-01-01 13:30:00,1900-01-01 13:15:00,1.0,-15.0,10.0,Saturday,-15.0,10.0,13.0,1.0,-15.0,13.0,5.0,Mumbai (BOM)-Darbhanga (DBR),10,5,181,11,1.0"
" ,2025-07-25,Mumbai (BOM),Patna (PAT),A20N (VT-TQU),2:12,1900-01-01 10:50:00,1900-01-01 11:32:00,1900-01-01 13:20:00,1900-01-01 13:44:00,42.0,24.0,10.0,Friday,24.0,10.0,13.0,42.0,24.0,13.0,4.0,Mumbai (BOM)-Patna (PAT),10,4,89,35,42.0"
" ,2025-07-24,Mumbai (BOM),Patna (PAT),A20N (VT-CIO),2:08,1900-01-01 10:50:00,1900-01-01 11:05:00,1900-01-01 13:20:00,1900-01-01 13:12:00,15.0,-8.0,10.0,Thursday,-8.0,10.0,13.0,15.0,-8.0,13.0,3.0,Mumbai (BOM)-Patna (PAT),10,3,3,35,15.0"
" ,2025-07-23,Mumbai (BOM),Patna (PAT),A20N (VT-CIO),2:10,1900-01-01 10:50:00,1900-01-01 11:14:00,1900-01-01 13:20:00,1900-01-01 13:24:00,24.0,4.0,10.0,Wednesday,4.0,10.0,13.0,24.0,4.0,13.0,2.0,Mumbai (BOM)-Patna (PAT),10,2,3,35,24.0"
" ,2025-07-22,Mumbai (BOM),Patna (PAT),A20N (VT-CIO),2:09,1900-01-01 10:50:00,1900-01-01 11:19:00,1900-01-01 13:20:00,1900-01-01 13:28:00,29.0,8.0,10.0,Tuesday,8.0,10.0,13.0,29.0,8.0,13.0,1.0,Mumbai (BOM)-Patna (PAT),10,1,3,35,29.0"
" ,2025-07-21,Mumbai (BOM),Patna (PAT),A20N (VT-CIN),2:05,1900-01-01 10:50:00,1900-01-01 12:26:00,1900-01-01 13:20:00,1900-01-01 14:31:00,96.0,71.0,10.0,Monday,71.0,10.0,13.0,96.0,71.0,13.0,0.0,Mumbai (BOM)-Patna (PAT),10,0,2,35,96.0"
" ,2025-07-20,Mumbai (BOM),Patna (PAT),A20N (VT-CIN),2:08,1900-01-01 10:50:00,1900-01-01 11:12:00,1900-01-01 13:20:00,1900-01-01 13:21:00,22.0,1.0,10.0,Sunday,1.0,10.0,13.0,22.0,1.0,13.0,6.0,Mumbai (BOM)-Patna (PAT),10,6,2,35,22.0"
" ,2025-07-19,Mumbai (BOM),Patna (PAT),A20N (VT-CIN),2:08,1900-01-01 10:50:00,1900-01-01 11:26:00,1900-01-01 13:20:00,1900-01-01 13:35:00,36.0,15.0,10.0,Saturday,15.0,10.0,13.0,36.0,15.0,13.0,5.0,Mumbai (BOM)-Patna (PAT),10,5,2,35,36.0"
" ,2025-07-24,Mumbai (BOM),London (LHR),B789 (G-VDIA),8:42,1900-01-01 10:55:00,1900-01-01 11:16:00,1900-01-01 16:15:00,1900-01-01 15:28:00,21.0,-47.0,10.0,Thursday,-47.0,10.0,16.0,21.0,-47.0,16.0,3.0,Mumbai (BOM)-London (LHR),10,3,210,34,21.0"
" ,2025-07-23,Mumbai (BOM),London (LHR),B789 (G-VBZZ),8:44,1900-01-01 10:55:00,1900-01-01 11:09:00,1900-01-01 16:15:00,1900-01-01 15:23:00,14.0,-52.0,10.0,Wednesday,-52.0,10.0,16.0,14.0,-52.0,16.0,2.0,Mumbai (BOM)-London (LHR),10,2,209,34,14.0"
" ,2025-07-22,Mumbai (BOM),London (LHR),B789 (G-VBEL),8:45,1900-01-01 10:55:00,1900-01-01 11:30:00,1900-01-01 16:15:00,1900-01-01 15:45:00,35.0,-30.0,10.0,Tuesday,-30.0,10.0,16.0,35.0,-30.0,16.0,1.0,Mumbai (BOM)-London (LHR),10,1,208,34,35.0"
" ,2025-07-21,Mumbai (BOM),London (LHR),B789 (G-VMAP),8:41,1900-01-01 10:55:00,1900-01-01 13:45:00,1900-01-01 16:15:00,1900-01-01 17:56:00,170.0,101.0,10.0,Monday,101.0,10.0,16.0,170.0,101.0,16.0,0.0,Mumbai (BOM)-London (LHR),10,0,211,34,170.0"
" ,2025-07-20,Mumbai (BOM),London (LHR),B789 (G-VZIG),9:03,1900-01-01 10:55:00,1900-01-01 11:10:00,1900-01-01 16:15:00,1900-01-01 15:44:00,15.0,-31.0,10.0,Sunday,-31.0,10.0,16.0,15.0,-31.0,16.0,6.0,Mumbai (BOM)-London (LHR),10,6,213,34,15.0"
" ,2025-07-19,Mumbai (BOM),London (LHR),B789 (G-VOOH),8:53,1900-01-01 10:55:00,1900-01-01 11:01:00,1900-01-01 16:15:00,1900-01-01 15:25:00,6.0,-50.0,10.0,Saturday,-50.0,10.0,16.0,6.0,-50.0,16.0,5.0,Mumbai (BOM)-London (LHR),10,5,212,34,6.0"
" ,2025-07-18,Mumbai (BOM),London (LHR),B789 (G-VBEL),8:52,1900-01-01 10:55:00,1900-01-01 11:18:00,1900-01-01 16:15:00,1900-01-01 15:40:00,23.0,-35.0,10.0,Friday,-35.0,10.0,16.0,23.0,-35.0,16.0,4.0,Mumbai (BOM)-London (LHR),10,4,208,34,23.0"
" ,2025-07-25,Mumbai (BOM),Cochin (COK),A21N (VT-IMD),1:38,1900-01-01 10:55:00,1900-01-01 12:12:00,1900-01-01 12:50:00,1900-01-01 13:50:00,77.0,60.0,10.0,Friday,60.0,10.0,12.0,77.0,60.0,12.0,4.0,Mumbai (BOM)-Cochin (COK),10,4,122,9,77.0"
" ,2025-07-24,Mumbai (BOM),Cochin (COK),A21N (VT-IBU),1:31,1900-01-01 10:55:00,1900-01-01 11:27:00,1900-01-01 12:50:00,1900-01-01 12:59:00,32.0,9.0,10.0,Thursday,9.0,10.0,12.0,32.0,9.0,12.0,3.0,Mumbai (BOM)-Cochin (COK),10,3,96,9,32.0"
" ,2025-07-23,Mumbai (BOM),Cochin (COK),A21N (VT-IUO),1:41,1900-01-01 10:55:00,1900-01-01 12:09:00,1900-01-01 12:50:00,1900-01-01 13:50:00,74.0,60.0,10.0,Wednesday,60.0,10.0,12.0,74.0,60.0,12.0,2.0,Mumbai (BOM)-Cochin (COK),10,2,134,9,74.0"
" ,2025-07-22,Mumbai (BOM),Cochin (COK),A21N (VT-IML),1:30,1900-01-01 10:55:00,1900-01-01 11:37:00,1900-01-01 12:45:00,1900-01-01 13:08:00,42.0,23.0,10.0,Tuesday,23.0,10.0,12.0,42.0,23.0,12.0,1.0,Mumbai (BOM)-Cochin (COK),10,1,125,9,42.0"
" ,2025-07-21,Mumbai (BOM),Cochin (COK),A21N (VT-IWR),1:30,1900-01-01 10:55:00,1900-01-01 13:36:00,1900-01-01 12:50:00,1900-01-01 15:07:00,161.0,137.0,10.0,Monday,137.0,10.0,12.0,161.0,137.0,12.0,0.0,Mumbai (BOM)-Cochin (COK),10,0,135,9,161.0"
" ,2025-07-20,Mumbai (BOM),Cochin (COK),A21N (VT-ICO),1:36,1900-01-01 10:55:00,1900-01-01 11:24:00,1900-01-01 12:50:00,1900-01-01 13:00:00,29.0,10.0,10.0,Sunday,10.0,10.0,12.0,29.0,10.0,12.0,6.0,Mumbai (BOM)-Cochin (COK),10,6,106,9,29.0"
" ,2025-07-19,Mumbai (BOM),Cochin (COK),A21N (VT-ICL),1:30,1900-01-01 10:55:00,1900-01-01 11:37:00,1900-01-01 12:50:00,1900-01-01 13:07:00,42.0,17.0,10.0,Saturday,17.0,10.0,12.0,42.0,17.0,12.0,5.0,Mumbai (BOM)-Cochin (COK),10,5,104,9,42.0"
" ,2025-07-25,Mumbai (BOM),Jaipur (JAI),A20N (VT-CIQ),1:27,1900-01-01 11:00:00,1900-01-01 11:34:00,1900-01-01 12:55:00,1900-01-01 13:01:00,34.0,6.0,11.0,Friday,6.0,11.0,12.0,34.0,6.0,12.0,4.0,Mumbai (BOM)-Jaipur (JAI),11,4,4,25,34.0"
" ,2025-07-24,Mumbai (BOM),Jaipur (JAI),A20N (VT-EXL),1:23,1900-01-01 11:00:00,1900-01-01 11:32:00,1900-01-01 12:55:00,1900-01-01 12:55:00,32.0,0.0,11.0,Thursday,0.0,11.0,12.0,32.0,0.0,12.0,3.0,Mumbai (BOM)-Jaipur (JAI),11,3,7,25,32.0"
" ,2025-07-23,Mumbai (BOM),Jaipur (JAI),A20N (VT-CIN),1:23,1900-01-01 11:00:00,1900-01-01 11:18:00,1900-01-01 12:55:00,1900-01-01 12:41:00,18.0,-14.0,11.0,Wednesday,-14.0,11.0,12.0,18.0,-14.0,12.0,2.0,Mumbai (BOM)-Jaipur (JAI),11,2,2,25,18.0"
" ,2025-07-22,Mumbai (BOM),Jaipur (JAI),A20N (VT-EXM),1:28,1900-01-01 11:00:00,1900-01-01 11:21:00,1900-01-01 12:55:00,1900-01-01 12:49:00,21.0,-6.0,11.0,Tuesday,-6.0,11.0,12.0,21.0,-6.0,12.0,1.0,Mumbai (BOM)-Jaipur (JAI),11,1,8,25,21.0"
" ,2025-07-21,Mumbai (BOM),Jaipur (JAI),A20N (VT-TQK),1:26,1900-01-01 11:00:00,1900-01-01 13:02:00,1900-01-01 12:55:00,1900-01-01 14:28:00,122.0,93.0,11.0,Monday,93.0,11.0,12.0,122.0,93.0,12.0,0.0,Mumbai (BOM)-Jaipur (JAI),11,0,80,25,122.0"
" ,2025-07-20,Mumbai (BOM),Jaipur (JAI),A20N (VT-EXO),1:23,1900-01-01 11:00:00,1900-01-01 11:23:00,1900-01-01 12:55:00,1900-01-01 12:46:00,23.0,-9.0,11.0,Sunday,-9.0,11.0,12.0,23.0,-9.0,12.0,6.0,Mumbai (BOM)-Jaipur (JAI),11,6,9,25,23.0"
" ,2025-07-19,Mumbai (BOM),Jaipur (JAI),A20N (VT-EXH),1:22,1900-01-01 11:00:00,1900-01-01 11:34:00,1900-01-01 12:55:00,1900-01-01 12:57:00,34.0,2.0,11.0,Saturday,2.0,11.0,12.0,34.0,2.0,12.0,5.0,Mumbai (BOM)-Jaipur (JAI),11,5,6,25,34.0"
" ,2025-07-25,Mumbai (BOM),Jamnagar (JGA),A20N (VT-TYC),0:49,1900-01-01 11:00:00,1900-01-01 12:17:00,1900-01-01 12:25:00,1900-01-01 13:06:00,77.0,41.0,11.0,Friday,41.0,11.0,12.0,77.0,41.0,12.0,4.0,Mumbai (BOM)-Jamnagar (JGA),11,4,92,26,77.0"
" ,2025-07-24,Mumbai (BOM),Jamnagar (JGA),A21N (VT-TVH),0:52,1900-01-01 11:00:00,1900-01-01 11:24:00,1900-01-01 12:25:00,1900-01-01 12:16:00,24.0,-9.0,11.0,Thursday,-9.0,11.0,12.0,24.0,-9.0,12.0,3.0,Mumbai (BOM)-Jamnagar (JGA),11,3,150,26,24.0"
" ,2025-07-23,Mumbai (BOM),Jamnagar (JGA),A321 (VT-PPM),0:56,1900-01-01 11:00:00,1900-01-01 11:56:00,1900-01-01 12:25:00,1900-01-01 12:52:00,56.0,27.0,11.0,Wednesday,27.0,11.0,12.0,56.0,27.0,12.0,2.0,Mumbai (BOM)-Jamnagar (JGA),11,2,166,26,56.0"
" ,2025-07-22,Mumbai (BOM),Jamnagar (JGA),A321 (VT-PPO),0:49,1900-01-01 11:00:00,1900-01-01 11:23:00,1900-01-01 12:25:00,1900-01-01 12:12:00,23.0,-13.0,11.0,Tuesday,-13.0,11.0,12.0,23.0,-13.0,12.0,1.0,Mumbai (BOM)-Jamnagar (JGA),11,1,167,26,23.0"
" ,2025-07-21,Mumbai (BOM),Jamnagar (JGA),A20N (VT-CIG),0:50,1900-01-01 11:00:00,1900-01-01 13:34:00,1900-01-01 12:25:00,1900-01-01 14:24:00,154.0,119.0,11.0,Monday,119.0,11.0,12.0,154.0,119.0,12.0,0.0,Mumbai (BOM)-Jamnagar (JGA),11,0,1,26,154.0"
" ,2025-07-20,Mumbai (BOM),Jamnagar (JGA),A20N (VT-EXL),0:53,1900-01-01 11:00:00,1900-01-01 11:34:00,1900-01-01 12:25:00,1900-01-01 12:26:00,34.0,1.0,11.0,Sunday,1.0,11.0,12.0,34.0,1.0,12.0,6.0,Mumbai (BOM)-Jamnagar (JGA),11,6,7,26,34.0"
" ,2025-07-19,Mumbai (BOM),Jamnagar (JGA),A20N (VT-RTK),0:49,1900-01-01 11:00:00,1900-01-01 11:45:00,1900-01-01 12:25:00,1900-01-01 12:34:00,45.0,9.0,11.0,Saturday,9.0,11.0,12.0,45.0,9.0,12.0,5.0,Mumbai (BOM)-Jamnagar (JGA),11,5,54,26,45.0"
" ,2025-07-25,Mumbai (BOM),Hyderabad (HYD),A20N (VT-TQC),1:15,1900-01-01 11:00:00,1900-01-01 12:00:00,1900-01-01 12:30:00,1900-01-01 13:15:00,60.0,45.0,11.0,Friday,45.0,11.0,12.0,60.0,45.0,12.0,4.0,Mumbai (BOM)-Hyderabad (HYD),11,4,75,22,60.0"
" ,2025-07-24,Mumbai (BOM),Hyderabad (HYD),A20N (VT-TNV),1:08,1900-01-01 11:00:00,1900-01-01 11:19:00,1900-01-01 12:30:00,1900-01-01 12:26:00,19.0,-4.0,11.0,Thursday,-4.0,11.0,12.0,19.0,-4.0,12.0,3.0,Mumbai (BOM)-Hyderabad (HYD),11,3,69,22,19.0"
" ,2025-07-23,Mumbai (BOM),Hyderabad (HYD),A20N (VT-TQC),1:09,1900-01-01 11:00:00,1900-01-01 11:30:00,1900-01-01 12:30:00,1900-01-01 12:39:00,30.0,9.0,11.0,Wednesday,9.0,11.0,12.0,30.0,9.0,12.0,2.0,Mumbai (BOM)-Hyderabad (HYD),11,2,75,22,30.0"
" ,2025-07-22,Mumbai (BOM),Hyderabad (HYD),A20N (VT-TQS),1:07,1900-01-01 11:00:00,1900-01-01 11:33:00,1900-01-01 12:30:00,1900-01-01 12:41:00,33.0,11.0,11.0,Tuesday,11.0,11.0,12.0,33.0,11.0,12.0,1.0,Mumbai (BOM)-Hyderabad (HYD),11,1,87,22,33.0"
" ,2025-07-21,Mumbai (BOM),Hyderabad (HYD),A20N (VT-TQW),1:08,1900-01-01 11:00:00,1900-01-01 13:05:00,1900-01-01 12:30:00,1900-01-01 14:13:00,125.0,103.0,11.0,Monday,103.0,11.0,12.0,125.0,103.0,12.0,0.0,Mumbai (BOM)-Hyderabad (HYD),11,0,90,22,125.0"
" ,2025-07-20,Mumbai (BOM),Hyderabad (HYD),A20N (VT-TQE),1:05,1900-01-01 11:00:00,1900-01-01 11:15:00,1900-01-01 12:30:00,1900-01-01 12:19:00,15.0,-11.0,11.0,Sunday,-11.0,11.0,12.0,15.0,-11.0,12.0,6.0,Mumbai (BOM)-Hyderabad (HYD),11,6,76,22,15.0"
" ,2025-07-19,Mumbai (BOM),Hyderabad (HYD),A20N (VT-TQE),1:05,1900-01-01 11:00:00,1900-01-01 11:31:00,1900-01-01 12:30:00,1900-01-01 12:36:00,31.0,6.0,11.0,Saturday,6.0,11.0,12.0,31.0,6.0,12.0,5.0,Mumbai (BOM)-Hyderabad (HYD),11,5,76,22,31.0"
" ,2025-07-25,Mumbai (BOM),Siliguri (IXB),B38M (VT-YAC),2:38,1900-01-01 11:00:00,1900-01-01 11:46:00,1900-01-01 14:05:00,1900-01-01 14:24:00,46.0,19.0,11.0,Friday,19.0,11.0,14.0,46.0,19.0,14.0,4.0,Mumbai (BOM)-Siliguri (IXB),11,4,176,37,46.0"
" ,2025-07-24,Mumbai (BOM),Siliguri (IXB),B38M (VT-YAB),2:32,1900-01-01 11:00:00,1900-01-01 11:15:00,1900-01-01 14:05:00,1900-01-01 13:47:00,15.0,-18.0,11.0,Thursday,-18.0,11.0,14.0,15.0,-18.0,14.0,3.0,Mumbai (BOM)-Siliguri (IXB),11,3,175,37,15.0"
" ,2025-07-23,Mumbai (BOM),Siliguri (IXB),B38M (VT-YAP),2:47,1900-01-01 11:00:00,1900-01-01 11:34:00,1900-01-01 14:05:00,1900-01-01 14:21:00,34.0,16.0,11.0,Wednesday,16.0,11.0,14.0,34.0,16.0,14.0,2.0,Mumbai (BOM)-Siliguri (IXB),11,2,182,37,34.0"
" ,2025-07-22,Mumbai (BOM),Siliguri (IXB),B38M (VT-YBC),2:30,1900-01-01 11:00:00,1900-01-01 12:06:00,1900-01-01 14:05:00,1900-01-01 14:36:00,66.0,31.0,11.0,Tuesday,31.0,11.0,14.0,66.0,31.0,14.0,1.0,Mumbai (BOM)-Siliguri (IXB),11,1,187,37,66.0"
" ,2025-07-21,Mumbai (BOM),Siliguri (IXB),B38M (VT-YAU),2:34,1900-01-01 11:00:00,1900-01-01 13:30:00,1900-01-01 14:05:00,1900-01-01 16:04:00,150.0,119.0,11.0,Monday,119.0,11.0,14.0,150.0,119.0,14.0,0.0,Mumbai (BOM)-Siliguri (IXB),11,0,185,37,150.0"
" ,2025-07-20,Mumbai (BOM),Siliguri (IXB),B38M (VT-YAB),2:33,1900-01-01 11:00:00,1900-01-01 11:14:00,1900-01-01 14:05:00,1900-01-01 13:47:00,14.0,-18.0,11.0,Sunday,-18.0,11.0,14.0,14.0,-18.0,14.0,6.0,Mumbai (BOM)-Siliguri (IXB),11,6,175,37,14.0"
" ,2025-07-19,Mumbai (BOM),Siliguri (IXB),B38M (VT-YAK),2:30,1900-01-01 11:00:00,1900-01-01 11:40:00,1900-01-01 14:05:00,1900-01-01 14:11:00,40.0,6.0,11.0,Saturday,6.0,11.0,14.0,40.0,6.0,14.0,5.0,Mumbai (BOM)-Siliguri (IXB),11,5,180,37,40.0"
" ,2025-07-25,Mumbai (BOM),Addis Ababa (ADD),B77L (ET-ANQ),4:18,1900-01-01 11:05:00,1900-01-01 11:40:00,1900-01-01 14:00:00,1900-01-01 13:28:00,35.0,-32.0,11.0,Friday,-32.0,11.0,14.0,35.0,-32.0,14.0,4.0,Mumbai (BOM)-Addis Ababa (ADD),11,4,196,1,35.0"
" ,2025-07-24,Mumbai (BOM),Addis Ababa (ADD),B77L (ET-ANO),4:17,1900-01-01 11:05:00,1900-01-01 11:13:00,1900-01-01 14:00:00,1900-01-01 13:00:00,8.0,-60.0,11.0,Thursday,-60.0,11.0,14.0,8.0,-60.0,14.0,3.0,Mumbai (BOM)-Addis Ababa (ADD),11,3,194,1,8.0"
" ,2025-07-23,Mumbai (BOM),Addis Ababa (ADD),B788 (ET-ATG),4:23,1900-01-01 11:05:00,1900-01-01 11:06:00,1900-01-01 14:00:00,1900-01-01 13:00:00,1.0,-60.0,11.0,Wednesday,-60.0,11.0,14.0,1.0,-60.0,14.0,2.0,Mumbai (BOM)-Addis Ababa (ADD),11,2,207,1,1.0"
" ,2025-07-22,Mumbai (BOM),Addis Ababa (ADD),B77L (ET-ANQ),4:22,1900-01-01 11:05:00,1900-01-01 11:17:00,1900-01-01 14:00:00,1900-01-01 13:09:00,12.0,-51.0,11.0,Tuesday,-51.0,11.0,14.0,12.0,-51.0,14.0,1.0,Mumbai (BOM)-Addis Ababa (ADD),11,1,196,1,12.0"
" ,2025-07-21,Mumbai (BOM),Addis Ababa (ADD),A359 (ET-AUA),4:37,1900-01-01 11:05:00,1900-01-01 13:38:00,1900-01-01 14:00:00,1900-01-01 15:46:00,153.0,106.0,11.0,Monday,106.0,11.0,14.0,153.0,106.0,14.0,0.0,Mumbai (BOM)-Addis Ababa (ADD),11,0,169,1,153.0"
" ,2025-07-20,Mumbai (BOM),Addis Ababa (ADD),B77L (ET-ANP),4:16,1900-01-01 11:05:00,1900-01-01 11:18:00,1900-01-01 14:00:00,1900-01-01 13:04:00,13.0,-56.0,11.0,Sunday,-56.0,11.0,14.0,13.0,-56.0,14.0,6.0,Mumbai (BOM)-Addis Ababa (ADD),11,6,195,1,13.0"
" ,2025-07-19,Mumbai (BOM),Addis Ababa (ADD),B788 (ET-ATG),4:19,1900-01-01 11:05:00,1900-01-01 11:22:00,1900-01-01 14:00:00,1900-01-01 13:10:00,17.0,-50.0,11.0,Saturday,-50.0,11.0,14.0,17.0,-50.0,14.0,5.0,Mumbai (BOM)-Addis Ababa (ADD),11,5,207,1,17.0"
" ,2025-07-25,Mumbai (BOM),Jeddah (JED),B77W (HZ-AK21),4:04,1900-01-01 11:05:00,1900-01-01 11:43:00,1900-01-01 13:25:00,1900-01-01 13:17:00,38.0,-8.0,11.0,Friday,-8.0,11.0,13.0,38.0,-8.0,13.0,4.0,Mumbai (BOM)-Jeddah (JED),11,4,204,27,38.0"
" ,2025-07-23,Mumbai (BOM),Jeddah (JED),B77W (HZ-AK22),3:58,1900-01-01 11:05:00,1900-01-01 11:20:00,1900-01-01 13:25:00,1900-01-01 12:47:00,15.0,-38.0,11.0,Wednesday,-38.0,11.0,13.0,15.0,-38.0,13.0,2.0,Mumbai (BOM)-Jeddah (JED),11,2,205,27,15.0"
" ,2025-07-21,Mumbai (BOM),Jeddah (JED),B77W (HZ-AK19),3:55,1900-01-01 11:05:00,1900-01-01 13:07:00,1900-01-01 13:25:00,1900-01-01 14:33:00,122.0,68.0,11.0,Monday,68.0,11.0,13.0,122.0,68.0,13.0,0.0,Mumbai (BOM)-Jeddah (JED),11,0,203,27,122.0"
" ,2025-07-20,Mumbai (BOM),Jeddah (JED),B77W (HZ-AK29),4:07,1900-01-01 11:05:00,1900-01-01 11:28:00,1900-01-01 13:25:00,1900-01-01 13:05:00,23.0,-20.0,11.0,Sunday,-20.0,11.0,13.0,23.0,-20.0,13.0,6.0,Mumbai (BOM)-Jeddah (JED),11,6,206,27,23.0"
" ,2025-07-25,Mumbai (BOM),Kathmandu (KTM),A20N (VT-IPI),2:30,1900-01-01 11:05:00,1900-01-01 11:29:00,1900-01-01 14:05:00,1900-01-01 14:14:00,24.0,9.0,11.0,Friday,9.0,11.0,14.0,24.0,9.0,14.0,4.0,Mumbai (BOM)-Kathmandu (KTM),11,4,26,31,24.0"
" ,2025-07-24,Mumbai (BOM),Kathmandu (KTM),A20N (VT-IPT),2:44,1900-01-01 11:05:00,1900-01-01 11:25:00,1900-01-01 14:05:00,1900-01-01 14:24:00,20.0,19.0,11.0,Thursday,19.0,11.0,14.0,20.0,19.0,14.0,3.0,Mumbai (BOM)-Kathmandu (KTM),11,3,28,31,20.0"
" ,2025-07-23,Mumbai (BOM),Kathmandu (KTM),A20N (VT-IXH),3:01,1900-01-01 11:05:00,1900-01-01 11:33:00,1900-01-01 14:05:00,1900-01-01 14:49:00,28.0,44.0,11.0,Wednesday,44.0,11.0,14.0,28.0,44.0,14.0,2.0,Mumbai (BOM)-Kathmandu (KTM),11,2,46,31,28.0"
" ,2025-07-22,Mumbai (BOM),Kathmandu (KTM),A20N (VT-IXP),2:15,1900-01-01 11:05:00,1900-01-01 11:44:00,1900-01-01 14:05:00,1900-01-01 14:14:00,39.0,9.0,11.0,Tuesday,9.0,11.0,14.0,39.0,9.0,14.0,1.0,Mumbai (BOM)-Kathmandu (KTM),11,1,50,31,39.0"
" ,2025-07-21,Mumbai (BOM),Kathmandu (KTM),A20N (VT-IXF),2:19,1900-01-01 11:05:00,1900-01-01 13:27:00,1900-01-01 14:05:00,1900-01-01 16:01:00,142.0,116.0,11.0,Monday,116.0,11.0,14.0,142.0,116.0,14.0,0.0,Mumbai (BOM)-Kathmandu (KTM),11,0,45,31,142.0"
" ,2025-07-20,Mumbai (BOM),Kathmandu (KTM),A20N (VT-IJQ),2:10,1900-01-01 11:05:00,1900-01-01 11:33:00,1900-01-01 14:05:00,1900-01-01 13:58:00,28.0,-7.0,11.0,Sunday,-7.0,11.0,14.0,28.0,-7.0,14.0,6.0,Mumbai (BOM)-Kathmandu (KTM),11,6,22,31,28.0"
" ,2025-07-19,Mumbai (BOM),Kathmandu (KTM),A20N (VT-IPD),2:18,1900-01-01 11:05:00,1900-01-01 11:39:00,1900-01-01 14:05:00,1900-01-01 14:12:00,34.0,7.0,11.0,Saturday,7.0,11.0,14.0,34.0,7.0,14.0,5.0,Mumbai (BOM)-Kathmandu (KTM),11,5,25,31,34.0"
" ,2025-07-25,Mumbai (BOM),Abu Dhabi (AUH),A320 (A6-EIW),2:37,1900-01-01 11:10:00,1900-01-01 11:15:00,1900-01-01 13:00:00,1900-01-01 12:22:00,5.0,-38.0,11.0,Friday,-38.0,11.0,13.0,5.0,-38.0,13.0,4.0,Mumbai (BOM)-Abu Dhabi (AUH),11,4,158,0,5.0"
" ,2025-07-24,Mumbai (BOM),Abu Dhabi (AUH),A320 (A6-EIM),2:28,1900-01-01 11:10:00,1900-01-01 11:01:00,1900-01-01 13:00:00,1900-01-01 11:58:00,-9.0,-62.0,11.0,Thursday,-62.0,11.0,13.0,-9.0,-62.0,13.0,3.0,Mumbai (BOM)-Abu Dhabi (AUH),11,3,154,0,-9.0"
" ,2025-07-23,Mumbai (BOM),Abu Dhabi (AUH),A320 (A6-EIX),2:28,1900-01-01 11:10:00,1900-01-01 11:25:00,1900-01-01 13:00:00,1900-01-01 12:23:00,15.0,-37.0,11.0,Wednesday,-37.0,11.0,13.0,15.0,-37.0,13.0,2.0,Mumbai (BOM)-Abu Dhabi (AUH),11,2,159,0,15.0"
" ,2025-07-22,Mumbai (BOM),Abu Dhabi (AUH),A320 (A6-EIT),2:26,1900-01-01 11:10:00,1900-01-01 11:27:00,1900-01-01 13:00:00,1900-01-01 12:24:00,17.0,-36.0,11.0,Tuesday,-36.0,11.0,13.0,17.0,-36.0,13.0,1.0,Mumbai (BOM)-Abu Dhabi (AUH),11,1,156,0,17.0"
" ,2025-07-21,Mumbai (BOM),Abu Dhabi (AUH),A320 (A6-EIP),2:23,1900-01-01 11:10:00,1900-01-01 13:13:00,1900-01-01 13:00:00,1900-01-01 14:06:00,123.0,66.0,11.0,Monday,66.0,11.0,13.0,123.0,66.0,13.0,0.0,Mumbai (BOM)-Abu Dhabi (AUH),11,0,155,0,123.0"
" ,2025-07-20,Mumbai (BOM),Abu Dhabi (AUH),A320 (A6-EIV),2:40,1900-01-01 11:10:00,1900-01-01 11:38:00,1900-01-01 13:00:00,1900-01-01 12:48:00,28.0,-12.0,11.0,Sunday,-12.0,11.0,13.0,28.0,-12.0,13.0,6.0,Mumbai (BOM)-Abu Dhabi (AUH),11,6,157,0,28.0"
" ,2025-07-19,Mumbai (BOM),Abu Dhabi (AUH),A321 (A6-AEC),2:34,1900-01-01 11:10:00,1900-01-01 11:43:00,1900-01-01 13:00:00,1900-01-01 12:47:00,33.0,-13.0,11.0,Saturday,-13.0,11.0,13.0,33.0,-13.0,13.0,5.0,Mumbai (BOM)-Abu Dhabi (AUH),11,5,165,0,33.0"
" ,2025-07-25,Mumbai (BOM),Goa (GOI),A21N (VT-IMM),1:00,1900-01-01 11:10:00,1900-01-01 11:56:00,1900-01-01 12:35:00,1900-01-01 12:56:00,46.0,21.0,11.0,Friday,21.0,11.0,12.0,46.0,21.0,12.0,4.0,Mumbai (BOM)-Goa (GOI),11,4,126,19,46.0"
" ,2025-07-24,Mumbai (BOM),Goa (GOI),A21N (VT-IMM),0:53,1900-01-01 11:10:00,1900-01-01 11:26:00,1900-01-01 12:35:00,1900-01-01 12:20:00,16.0,-15.0,11.0,Thursday,-15.0,11.0,12.0,16.0,-15.0,12.0,3.0,Mumbai (BOM)-Goa (GOI),11,3,126,19,16.0"
" ,2025-07-23,Mumbai (BOM),Goa (GOI),A21N (VT-IMM),0:48,1900-01-01 11:10:00,1900-01-01 11:49:00,1900-01-01 12:35:00,1900-01-01 12:37:00,39.0,2.0,11.0,Wednesday,2.0,11.0,12.0,39.0,2.0,12.0,2.0,Mumbai (BOM)-Goa (GOI),11,2,126,19,39.0"
" ,2025-07-22,Mumbai (BOM),Goa (GOI),A21N (VT-IMM),1:00,1900-01-01 11:10:00,1900-01-01 11:41:00,1900-01-01 12:35:00,1900-01-01 12:41:00,31.0,6.0,11.0,Tuesday,6.0,11.0,12.0,31.0,6.0,12.0,1.0,Mumbai (BOM)-Goa (GOI),11,1,126,19,31.0"
" ,2025-07-21,Mumbai (BOM),Goa (GOI),A21N (VT-IRV),0:53,1900-01-01 11:10:00,1900-01-01 13:10:00,1900-01-01 12:35:00,1900-01-01 14:04:00,120.0,89.0,11.0,Monday,89.0,11.0,12.0,120.0,89.0,12.0,0.0,Mumbai (BOM)-Goa (GOI),11,0,129,19,120.0"
" ,2025-07-20,Mumbai (BOM),Goa (GOI),A21N (VT-IRV),0:47,1900-01-01 11:10:00,1900-01-01 11:31:00,1900-01-01 12:35:00,1900-01-01 12:18:00,21.0,-17.0,11.0,Sunday,-17.0,11.0,12.0,21.0,-17.0,12.0,6.0,Mumbai (BOM)-Goa (GOI),11,6,129,19,21.0"
" ,2025-07-19,Mumbai (BOM),Goa (GOI),A21N (VT-IMI),0:46,1900-01-01 11:10:00,1900-01-01 11:47:00,1900-01-01 12:35:00,1900-01-01 12:34:00,37.0,-1.0,11.0,Saturday,-1.0,11.0,12.0,37.0,-1.0,12.0,5.0,Mumbai (BOM)-Goa (GOI),11,5,124,19,37.0"
" ,2025-07-25,Mumbai (BOM),Bareilly (BEK),A20N (VT-IQO),1:55,1900-01-01 11:10:00,1900-01-01 11:53:00,1900-01-01 13:40:00,1900-01-01 13:48:00,43.0,8.0,11.0,Friday,8.0,11.0,13.0,43.0,8.0,13.0,4.0,Mumbai (BOM)-Bareilly (BEK),11,4,34,4,43.0"
" ,2025-07-24,Mumbai (BOM),Agra (AGR),A20N (VT-IIH),1:37,1900-01-01 11:10:00,1900-01-01 11:20:00,1900-01-01 13:20:00,1900-01-01 12:57:00,10.0,-23.0,11.0,Thursday,-23.0,11.0,13.0,10.0,-23.0,13.0,3.0,Mumbai (BOM)-Agra (AGR),11,3,15,2,10.0"
" ,2025-07-23,Mumbai (BOM),Bareilly (BEK),A20N (VT-IQF),1:58,1900-01-01 11:10:00,1900-01-01 11:37:00,1900-01-01 13:40:00,1900-01-01 13:36:00,27.0,-4.0,11.0,Wednesday,-4.0,11.0,13.0,27.0,-4.0,13.0,2.0,Mumbai (BOM)-Bareilly (BEK),11,2,32,4,27.0"
" ,2025-07-22,Mumbai (BOM),Agra (AGR),A20N (VT-IIW),1:54,1900-01-01 11:10:00,1900-01-01 11:35:00,1900-01-01 13:20:00,1900-01-01 13:29:00,25.0,9.0,11.0,Tuesday,9.0,11.0,13.0,25.0,9.0,13.0,1.0,Mumbai (BOM)-Agra (AGR),11,1,20,2,25.0"
" ,2025-07-21,Mumbai (BOM),Bareilly (BEK),A20N (VT-IPD),2:00,1900-01-01 11:10:00,1900-01-01 13:41:00,1900-01-01 13:40:00,1900-01-01 15:41:00,151.0,121.0,11.0,Monday,121.0,11.0,13.0,151.0,121.0,13.0,0.0,Mumbai (BOM)-Bareilly (BEK),11,0,25,4,151.0"
" ,2025-07-20,Mumbai (BOM),Bareilly (BEK),A20N (VT-IIX),1:54,1900-01-01 11:10:00,1900-01-01 11:21:00,1900-01-01 13:40:00,1900-01-01 13:14:00,11.0,-26.0,11.0,Sunday,-26.0,11.0,13.0,11.0,-26.0,13.0,6.0,Mumbai (BOM)-Bareilly (BEK),11,6,21,4,11.0"
" ,2025-07-19,Mumbai (BOM),Agra (AGR),A20N (VT-ITV),1:28,1900-01-01 11:10:00,1900-01-01 11:50:00,1900-01-01 13:20:00,1900-01-01 13:17:00,40.0,-3.0,11.0,Saturday,-3.0,11.0,13.0,40.0,-3.0,13.0,5.0,Mumbai (BOM)-Agra (AGR),11,5,42,2,40.0"
" ,2025-07-25,Mumbai (BOM),Delhi (DEL),A21N (VT-IWT),1:42,1900-01-01 11:15:00,1900-01-01 11:57:00,1900-01-01 13:30:00,1900-01-01 13:39:00,42.0,9.0,11.0,Friday,9.0,11.0,13.0,42.0,9.0,13.0,4.0,Mumbai (BOM)-Delhi (DEL),11,4,137,12,42.0"
" ,2025-07-24,Mumbai (BOM),Delhi (DEL),A21N (VT-ICM),1:43,1900-01-01 11:15:00,1900-01-01 11:23:00,1900-01-01 13:30:00,1900-01-01 13:06:00,8.0,-24.0,11.0,Thursday,-24.0,11.0,13.0,8.0,-24.0,13.0,3.0,Mumbai (BOM)-Delhi (DEL),11,3,105,12,8.0"
" ,2025-07-23,Mumbai (BOM),Delhi (DEL),A21N (VT-ICH),1:46,1900-01-01 11:15:00,1900-01-01 11:40:00,1900-01-01 13:30:00,1900-01-01 13:26:00,25.0,-4.0,11.0,Wednesday,-4.0,11.0,13.0,25.0,-4.0,13.0,2.0,Mumbai (BOM)-Delhi (DEL),11,2,102,12,25.0"
" ,2025-07-22,Mumbai (BOM),Delhi (DEL),A21N (VT-NCM),1:43,1900-01-01 11:15:00,1900-01-01 11:39:00,1900-01-01 13:30:00,1900-01-01 13:22:00,24.0,-8.0,11.0,Tuesday,-8.0,11.0,13.0,24.0,-8.0,13.0,1.0,Mumbai (BOM)-Delhi (DEL),11,1,145,12,24.0"
" ,2025-07-21,Mumbai (BOM),Delhi (DEL),A21N (VT-IWV),1:41,1900-01-01 11:15:00,1900-01-01 13:49:00,1900-01-01 13:30:00,1900-01-01 15:30:00,154.0,120.0,11.0,Monday,120.0,11.0,13.0,154.0,120.0,13.0,0.0,Mumbai (BOM)-Delhi (DEL),11,0,139,12,154.0"
" ,2025-07-20,Mumbai (BOM),Delhi (DEL),A21N (VT-ICF),1:43,1900-01-01 11:15:00,1900-01-01 11:30:00,1900-01-01 13:30:00,1900-01-01 13:13:00,15.0,-17.0,11.0,Sunday,-17.0,11.0,13.0,15.0,-17.0,13.0,6.0,Mumbai (BOM)-Delhi (DEL),11,6,100,12,15.0"
" ,2025-07-19,Mumbai (BOM),Delhi (DEL),A21N (VT-NCR),1:38,1900-01-01 11:15:00,1900-01-01 11:52:00,1900-01-01 13:30:00,1900-01-01 13:30:00,37.0,0.0,11.0,Saturday,0.0,11.0,13.0,37.0,0.0,13.0,5.0,Mumbai (BOM)-Delhi (DEL),11,5,147,12,37.0"
" ,2025-07-25,Mumbai (BOM),Diu (DIU),AT76 (VT-RKL),0:44,1900-01-01 11:15:00,1900-01-01 13:31:00,1900-01-01 12:20:00,1900-01-01 14:15:00,136.0,115.0,11.0,Friday,115.0,11.0,12.0,136.0,115.0,12.0,4.0,Mumbai (BOM)-Diu (DIU),11,4,171,15,136.0"
" ,2025-07-23,Mumbai (BOM),Diu (DIU),AT76 (VT-RKL),0:43,1900-01-01 11:15:00,1900-01-01 13:14:00,1900-01-01 12:20:00,1900-01-01 13:57:00,119.0,97.0,11.0,Wednesday,97.0,11.0,12.0,119.0,97.0,12.0,2.0,Mumbai (BOM)-Diu (DIU),11,2,171,15,119.0"
" ,2025-07-21,Mumbai (BOM),Diu (DIU),AT76 (VT-AIY),0:43,1900-01-01 11:15:00,1900-01-01 14:08:00,1900-01-01 12:20:00,1900-01-01 14:51:00,173.0,151.0,11.0,Monday,151.0,11.0,12.0,173.0,151.0,12.0,0.0,Mumbai (BOM)-Diu (DIU),11,0,170,15,173.0"
" ,2025-07-18,Mumbai (BOM),Diu (DIU),AT76 (VT-AIY),0:44,1900-01-01 11:15:00,1900-01-01 16:10:00,1900-01-01 12:20:00,1900-01-01 16:54:00,295.0,274.0,11.0,Friday,274.0,11.0,12.0,295.0,274.0,12.0,4.0,Mumbai (BOM)-Diu (DIU),11,4,170,15,295.0"
" ,2025-07-25,Mumbai (BOM),Bengaluru (BLR),A20N (VT-TQW),1:24,1900-01-01 11:20:00,1900-01-01 11:48:00,1900-01-01 13:05:00,1900-01-01 13:12:00,28.0,7.0,11.0,Friday,7.0,11.0,13.0,28.0,7.0,13.0,4.0,Mumbai (BOM)-Bengaluru (BLR),11,4,90,5,28.0"
" ,2025-07-24,Mumbai (BOM),Bengaluru (BLR),A20N (VT-TQH),1:22,1900-01-01 11:20:00,1900-01-01 11:30:00,1900-01-01 13:05:00,1900-01-01 12:52:00,10.0,-13.0,11.0,Thursday,-13.0,11.0,13.0,10.0,-13.0,13.0,3.0,Mumbai (BOM)-Bengaluru (BLR),11,3,78,5,10.0"
" ,2025-07-23,Mumbai (BOM),Bengaluru (BLR),A20N (VT-EXV),1:21,1900-01-01 11:20:00,1900-01-01 11:58:00,1900-01-01 13:05:00,1900-01-01 13:19:00,38.0,14.0,11.0,Wednesday,14.0,11.0,13.0,38.0,14.0,13.0,2.0,Mumbai (BOM)-Bengaluru (BLR),11,2,12,5,38.0"
" ,2025-07-22,Mumbai (BOM),Bengaluru (BLR),A20N (VT-TQF),1:23,1900-01-01 11:20:00,1900-01-01 12:00:00,1900-01-01 13:05:00,1900-01-01 13:23:00,40.0,18.0,11.0,Tuesday,18.0,11.0,13.0,40.0,18.0,13.0,1.0,Mumbai (BOM)-Bengaluru (BLR),11,1,77,5,40.0"
" ,2025-07-21,Mumbai (BOM),Bengaluru (BLR),A20N (VT-TNU),1:20,1900-01-01 11:20:00,1900-01-01 14:33:00,1900-01-01 13:05:00,1900-01-01 15:53:00,193.0,168.0,11.0,Monday,168.0,11.0,13.0,193.0,168.0,13.0,0.0,Mumbai (BOM)-Bengaluru (BLR),11,0,68,5,193.0"
" ,2025-07-20,Mumbai (BOM),Bengaluru (BLR),A20N (VT-TNU),1:21,1900-01-01 11:20:00,1900-01-01 11:41:00,1900-01-01 13:05:00,1900-01-01 13:02:00,21.0,-3.0,11.0,Sunday,-3.0,11.0,13.0,21.0,-3.0,13.0,6.0,Mumbai (BOM)-Bengaluru (BLR),11,6,68,5,21.0"
" ,2025-07-19,Mumbai (BOM),Bengaluru (BLR),A20N (VT-TQB),1:22,1900-01-01 11:20:00,1900-01-01 11:51:00,1900-01-01 13:05:00,1900-01-01 13:12:00,31.0,7.0,11.0,Saturday,7.0,11.0,13.0,31.0,7.0,13.0,5.0,Mumbai (BOM)-Bengaluru (BLR),11,5,74,5,31.0"
" ,2025-07-25,Mumbai (BOM),Kandla (IXY),DH8D (VT-SUO),,1900-01-01 11:30:00,1900-01-01 12:15:00,1900-01-01 13:00:00,,45.0,,11.0,Friday,,11.0,13.0,45.0,,13.0,4.0,Mumbai (BOM)-Kandla (IXY),11,4,223,29,45.0"
" ,2025-07-23,Mumbai (BOM),Kandla (IXY),DH8D (VT-SUO),1:53,1900-01-01 11:30:00,1900-01-01 11:20:00,1900-01-01 13:00:00,1900-01-01 13:13:00,-10.0,13.0,11.0,Wednesday,13.0,11.0,13.0,-10.0,13.0,13.0,2.0,Mumbai (BOM)-Kandla (IXY),11,2,223,29,-10.0"
" ,2025-07-21,Mumbai (BOM),Kandla (IXY),DH8D (VT-SQD),1:06,1900-01-01 11:30:00,1900-01-01 14:08:00,1900-01-01 13:00:00,1900-01-01 15:13:00,158.0,133.0,11.0,Monday,133.0,11.0,13.0,158.0,133.0,13.0,0.0,Mumbai (BOM)-Kandla (IXY),11,0,222,29,158.0"
" ,2025-07-20,Mumbai (BOM),Kandla (IXY),DH8D (VT-SQD),1:09,1900-01-01 11:30:00,1900-01-01 11:39:00,1900-01-01 13:00:00,1900-01-01 12:48:00,9.0,-12.0,11.0,Sunday,-12.0,11.0,13.0,9.0,-12.0,13.0,6.0,Mumbai (BOM)-Kandla (IXY),11,6,222,29,9.0"
" ,2025-07-19,Mumbai (BOM),Kandla (IXY),DH8D (VT-SQD),1:05,1900-01-01 11:30:00,1900-01-01 13:18:00,1900-01-01 13:00:00,1900-01-01 14:22:00,108.0,82.0,11.0,Saturday,82.0,11.0,13.0,108.0,82.0,13.0,5.0,Mumbai (BOM)-Kandla (IXY),11,5,222,29,108.0"
" ,2025-07-25,Mumbai (BOM),Goa (GOI),A21N (VT-TVI),0:54,1900-01-01 11:30:00,1900-01-01 12:24:00,1900-01-01 12:45:00,1900-01-01 13:18:00,54.0,33.0,11.0,Friday,33.0,11.0,12.0,54.0,33.0,12.0,4.0,Mumbai (BOM)-Goa (GOI),11,4,151,19,54.0"
" ,2025-07-24,Mumbai (BOM),Goa (GOI),A21N (VT-TVI),0:57,1900-01-01 11:30:00,1900-01-01 11:43:00,1900-01-01 12:45:00,1900-01-01 12:40:00,13.0,-5.0,11.0,Thursday,-5.0,11.0,12.0,13.0,-5.0,12.0,3.0,Mumbai (BOM)-Goa (GOI),11,3,151,19,13.0"
" ,2025-07-23,Mumbai (BOM),Goa (GOI),A21N (VT-TVI),0:48,1900-01-01 11:30:00,1900-01-01 12:12:00,1900-01-01 12:45:00,1900-01-01 13:00:00,42.0,15.0,11.0,Wednesday,15.0,11.0,12.0,42.0,15.0,12.0,2.0,Mumbai (BOM)-Goa (GOI),11,2,151,19,42.0"
" ,2025-07-22,Mumbai (BOM),Goa (GOI),A21N (VT-TVH),0:58,1900-01-01 11:30:00,1900-01-01 12:01:00,1900-01-01 12:45:00,1900-01-01 12:59:00,31.0,14.0,11.0,Tuesday,14.0,11.0,12.0,31.0,14.0,12.0,1.0,Mumbai (BOM)-Goa (GOI),11,1,150,19,31.0"
" ,2025-07-21,Mumbai (BOM),Goa (GOI),A21N (VT-TVI),0:50,1900-01-01 11:30:00,1900-01-01 13:24:00,1900-01-01 12:45:00,1900-01-01 14:14:00,114.0,89.0,11.0,Monday,89.0,11.0,12.0,114.0,89.0,12.0,0.0,Mumbai (BOM)-Goa (GOI),11,0,151,19,114.0"
" ,2025-07-20,Mumbai (BOM),Goa (GOI),A21N (VT-TVI),0:46,1900-01-01 11:30:00,1900-01-01 11:57:00,1900-01-01 12:45:00,1900-01-01 12:43:00,27.0,-2.0,11.0,Sunday,-2.0,11.0,12.0,27.0,-2.0,12.0,6.0,Mumbai (BOM)-Goa (GOI),11,6,151,19,27.0"
" ,2025-07-19,Mumbai (BOM),Goa (GOI),A21N (VT-TVI),0:55,1900-01-01 11:30:00,1900-01-01 12:01:00,1900-01-01 12:45:00,1900-01-01 12:56:00,31.0,11.0,11.0,Saturday,11.0,11.0,12.0,31.0,11.0,12.0,5.0,Mumbai (BOM)-Goa (GOI),11,5,151,19,31.0"
" ,2025-07-25,Mumbai (BOM),Bengaluru (BLR),A21N (VT-IWU),1:17,1900-01-01 11:30:00,1900-01-01 12:13:00,1900-01-01 13:20:00,1900-01-01 13:30:00,43.0,10.0,11.0,Friday,10.0,11.0,13.0,43.0,10.0,13.0,4.0,Mumbai (BOM)-Bengaluru (BLR),11,4,138,5,43.0"
" ,2025-07-24,Mumbai (BOM),Bengaluru (BLR),A21N (VT-IWS),1:21,1900-01-01 11:30:00,1900-01-01 11:29:00,1900-01-01 13:20:00,1900-01-01 12:50:00,-1.0,-30.0,11.0,Thursday,-30.0,11.0,13.0,-1.0,-30.0,13.0,3.0,Mumbai (BOM)-Bengaluru (BLR),11,3,136,5,-1.0"
" ,2025-07-23,Mumbai (BOM),Bengaluru (BLR),A21N (VT-IWT),1:16,1900-01-01 11:30:00,1900-01-01 12:06:00,1900-01-01 13:20:00,1900-01-01 13:22:00,36.0,2.0,11.0,Wednesday,2.0,11.0,13.0,36.0,2.0,13.0,2.0,Mumbai (BOM)-Bengaluru (BLR),11,2,137,5,36.0"
" ,2025-07-22,Mumbai (BOM),Bengaluru (BLR),A21N (VT-IWU),1:22,1900-01-01 11:30:00,1900-01-01 12:04:00,1900-01-01 13:20:00,1900-01-01 13:25:00,34.0,5.0,11.0,Tuesday,5.0,11.0,13.0,34.0,5.0,13.0,1.0,Mumbai (BOM)-Bengaluru (BLR),11,1,138,5,34.0"
" ,2025-07-21,Mumbai (BOM),Bengaluru (BLR),A21N (VT-NCQ),1:18,1900-01-01 11:30:00,1900-01-01 14:01:00,1900-01-01 13:20:00,1900-01-01 15:20:00,151.0,120.0,11.0,Monday,120.0,11.0,13.0,151.0,120.0,13.0,0.0,Mumbai (BOM)-Bengaluru (BLR),11,0,146,5,151.0"
" ,2025-07-20,Mumbai (BOM),Bengaluru (BLR),A21N (VT-NCH),1:20,1900-01-01 11:30:00,1900-01-01 11:35:00,1900-01-01 13:20:00,1900-01-01 12:55:00,5.0,-25.0,11.0,Sunday,-25.0,11.0,13.0,5.0,-25.0,13.0,6.0,Mumbai (BOM)-Bengaluru (BLR),11,6,144,5,5.0"
" ,2025-07-19,Mumbai (BOM),Bengaluru (BLR),A21N (VT-NCB),1:22,1900-01-01 11:30:00,1900-01-01 11:55:00,1900-01-01 13:20:00,1900-01-01 13:17:00,25.0,-3.0,11.0,Saturday,-3.0,11.0,13.0,25.0,-3.0,13.0,5.0,Mumbai (BOM)-Bengaluru (BLR),11,5,140,5,25.0"
" ,2025-07-25,Mumbai (BOM),Delhi (DEL),A20N (VT-TQP),1:45,1900-01-01 11:40:00,1900-01-01 12:20:00,1900-01-01 14:00:00,1900-01-01 14:05:00,40.0,5.0,11.0,Friday,5.0,11.0,14.0,40.0,5.0,14.0,4.0,Mumbai (BOM)-Delhi (DEL),11,4,85,12,40.0"
" ,2025-07-24,Mumbai (BOM),Delhi (DEL),A20N (VT-TQE),1:47,1900-01-01 11:40:00,1900-01-01 11:49:00,1900-01-01 14:00:00,1900-01-01 13:35:00,9.0,-25.0,11.0,Thursday,-25.0,11.0,14.0,9.0,-25.0,14.0,3.0,Mumbai (BOM)-Delhi (DEL),11,3,76,12,9.0"
" ,2025-07-23,Mumbai (BOM),Delhi (DEL),A20N (VT-TNS),1:46,1900-01-01 11:40:00,1900-01-01 12:16:00,1900-01-01 14:00:00,1900-01-01 14:02:00,36.0,2.0,11.0,Wednesday,2.0,11.0,14.0,36.0,2.0,14.0,2.0,Mumbai (BOM)-Delhi (DEL),11,2,67,12,36.0"
" ,2025-07-22,Mumbai (BOM),Delhi (DEL),A20N (VT-TQC),1:49,1900-01-01 11:40:00,1900-01-01 12:11:00,1900-01-01 14:00:00,1900-01-01 14:00:00,31.0,0.0,11.0,Tuesday,0.0,11.0,14.0,31.0,0.0,14.0,1.0,Mumbai (BOM)-Delhi (DEL),11,1,75,12,31.0"
" ,2025-07-21,Mumbai (BOM),Delhi (DEL),A20N (VT-TQT),1:41,1900-01-01 11:40:00,1900-01-01 13:16:00,1900-01-01 14:00:00,1900-01-01 14:57:00,96.0,57.0,11.0,Monday,57.0,11.0,14.0,96.0,57.0,14.0,0.0,Mumbai (BOM)-Delhi (DEL),11,0,88,12,96.0"
" ,2025-07-20,Mumbai (BOM),Delhi (DEL),A20N (VT-EXU),1:42,1900-01-01 11:40:00,1900-01-01 11:56:00,1900-01-01 14:00:00,1900-01-01 13:38:00,16.0,-22.0,11.0,Sunday,-22.0,11.0,14.0,16.0,-22.0,14.0,6.0,Mumbai (BOM)-Delhi (DEL),11,6,11,12,16.0"
" ,2025-07-19,Mumbai (BOM),Delhi (DEL),A20N (VT-TNS),1:42,1900-01-01 11:40:00,1900-01-01 11:59:00,1900-01-01 14:00:00,1900-01-01 13:41:00,19.0,-19.0,11.0,Saturday,-19.0,11.0,14.0,19.0,-19.0,14.0,5.0,Mumbai (BOM)-Delhi (DEL),11,5,67,12,19.0"
" ,2025-07-25,Mumbai (BOM),Kolkata (CCU),A20N (VT-TQH),2:27,1900-01-01 11:40:00,1900-01-01 12:09:00,1900-01-01 14:30:00,1900-01-01 14:36:00,29.0,6.0,11.0,Friday,6.0,11.0,14.0,29.0,6.0,14.0,4.0,Mumbai (BOM)-Kolkata (CCU),11,4,78,33,29.0"
" ,2025-07-24,Mumbai (BOM),Kolkata (CCU),A20N (VT-ATV),2:23,1900-01-01 11:40:00,1900-01-01 12:00:00,1900-01-01 14:30:00,1900-01-01 14:23:00,20.0,-7.0,11.0,Thursday,-7.0,11.0,14.0,20.0,-7.0,14.0,3.0,Mumbai (BOM)-Kolkata (CCU),11,3,0,33,20.0"
" ,2025-07-23,Mumbai (BOM),Kolkata (CCU),A20N (VT-TQL),2:31,1900-01-01 11:40:00,1900-01-01 12:21:00,1900-01-01 14:30:00,1900-01-01 14:53:00,41.0,23.0,11.0,Wednesday,23.0,11.0,14.0,41.0,23.0,14.0,2.0,Mumbai (BOM)-Kolkata (CCU),11,2,81,33,41.0"
" ,2025-07-22,Mumbai (BOM),Kolkata (CCU),A20N (VT-TQE),2:32,1900-01-01 11:40:00,1900-01-01 12:10:00,1900-01-01 14:30:00,1900-01-01 14:42:00,30.0,12.0,11.0,Tuesday,12.0,11.0,14.0,30.0,12.0,14.0,1.0,Mumbai (BOM)-Kolkata (CCU),11,1,76,33,30.0"
" ,2025-07-21,Mumbai (BOM),Kolkata (CCU),A20N (VT-TQC),2:28,1900-01-01 11:40:00,1900-01-01 13:11:00,1900-01-01 14:30:00,1900-01-01 15:39:00,91.0,69.0,11.0,Monday,69.0,11.0,14.0,91.0,69.0,14.0,0.0,Mumbai (BOM)-Kolkata (CCU),11,0,75,33,91.0"
" ,2025-07-20,Mumbai (BOM),Kolkata (CCU),A20N (VT-TQB),2:29,1900-01-01 11:40:00,1900-01-01 11:46:00,1900-01-01 14:30:00,1900-01-01 14:15:00,6.0,-15.0,11.0,Sunday,-15.0,11.0,14.0,6.0,-15.0,14.0,6.0,Mumbai (BOM)-Kolkata (CCU),11,6,74,33,6.0"
" ,2025-07-19,Mumbai (BOM),Kolkata (CCU),A20N (VT-TNF),2:26,1900-01-01 11:40:00,1900-01-01 12:06:00,1900-01-01 14:30:00,1900-01-01 14:33:00,26.0,3.0,11.0,Saturday,3.0,11.0,14.0,26.0,3.0,14.0,5.0,Mumbai (BOM)-Kolkata (CCU),11,5,61,33,26.0"
" ,2025-07-25,Mumbai (BOM),Singapore (SIN),B78X (9V-SCB),,1900-01-01 11:45:00,1900-01-01 13:03:00,1900-01-01 19:50:00,,78.0,,11.0,Friday,,11.0,19.0,78.0,,19.0,4.0,Mumbai (BOM)-Singapore (SIN),11,4,214,38,78.0"
" ,2025-07-24,Mumbai (BOM),Singapore (SIN),B78X (9V-SCG),4:54,1900-01-01 11:45:00,1900-01-01 11:52:00,1900-01-01 19:50:00,1900-01-01 19:16:00,7.0,-34.0,11.0,Thursday,-34.0,11.0,19.0,7.0,-34.0,19.0,3.0,Mumbai (BOM)-Singapore (SIN),11,3,216,38,7.0"
" ,2025-07-23,Mumbai (BOM),Singapore (SIN),B78X (9V-SCC),4:52,1900-01-01 11:45:00,1900-01-01 12:14:00,1900-01-01 19:50:00,1900-01-01 19:36:00,29.0,-14.0,11.0,Wednesday,-14.0,11.0,19.0,29.0,-14.0,19.0,2.0,Mumbai (BOM)-Singapore (SIN),11,2,215,38,29.0"
" ,2025-07-22,Mumbai (BOM),Singapore (SIN),B78X (9V-SCP),5:00,1900-01-01 11:45:00,1900-01-01 12:14:00,1900-01-01 19:50:00,1900-01-01 19:44:00,29.0,-6.0,11.0,Tuesday,-6.0,11.0,19.0,29.0,-6.0,19.0,1.0,Mumbai (BOM)-Singapore (SIN),11,1,220,38,29.0"
" ,2025-07-21,Mumbai (BOM),Singapore (SIN),B78X (9V-SCN),5:03,1900-01-01 11:45:00,1900-01-01 13:43:00,1900-01-01 19:50:00,1900-01-01 21:15:00,118.0,85.0,11.0,Monday,85.0,11.0,19.0,118.0,85.0,19.0,0.0,Mumbai (BOM)-Singapore (SIN),11,0,218,38,118.0"
" ,2025-07-20,Mumbai (BOM),Singapore (SIN),B78X (9V-SCO),4:42,1900-01-01 11:45:00,1900-01-01 11:59:00,1900-01-01 19:50:00,1900-01-01 19:11:00,14.0,-39.0,11.0,Sunday,-39.0,11.0,19.0,14.0,-39.0,19.0,6.0,Mumbai (BOM)-Singapore (SIN),11,6,219,38,14.0"
" ,2025-07-19,Mumbai (BOM),Singapore (SIN),B78X (9V-SCS),5:15,1900-01-01 11:45:00,1900-01-01 12:12:00,1900-01-01 19:50:00,1900-01-01 19:57:00,27.0,7.0,11.0,Saturday,7.0,11.0,19.0,27.0,7.0,19.0,5.0,Mumbai (BOM)-Singapore (SIN),11,5,221,38,27.0"
" ,2025-07-18,Mumbai (BOM),Singapore (SIN),B78X (9V-SCL),4:53,1900-01-01 11:45:00,1900-01-01 11:57:00,1900-01-01 19:50:00,1900-01-01 19:20:00,12.0,-30.0,11.0,Friday,-30.0,11.0,19.0,12.0,-30.0,19.0,4.0,Mumbai (BOM)-Singapore (SIN),11,4,217,38,12.0"
" ,2025-07-25,Mumbai (BOM),Chennai (MAA),A21N (VT-ICQ),1:29,1900-01-01 11:50:00,1900-01-01 12:04:00,1900-01-01 14:05:00,1900-01-01 13:33:00,14.0,-32.0,11.0,Friday,-32.0,11.0,14.0,14.0,-32.0,14.0,4.0,Mumbai (BOM)-Chennai (MAA),11,4,107,8,14.0"
" ,2025-07-24,Mumbai (BOM),Chennai (MAA),A21N (VT-IMB),1:33,1900-01-01 11:50:00,1900-01-01 12:41:00,1900-01-01 14:05:00,1900-01-01 14:13:00,51.0,8.0,11.0,Thursday,8.0,11.0,14.0,51.0,8.0,14.0,3.0,Mumbai (BOM)-Chennai (MAA),11,3,121,8,51.0"
" ,2025-07-23,Mumbai (BOM),Chennai (MAA),A21N (VT-ILD),1:36,1900-01-01 11:50:00,1900-01-01 12:19:00,1900-01-01 14:05:00,1900-01-01 13:55:00,29.0,-10.0,11.0,Wednesday,-10.0,11.0,14.0,29.0,-10.0,14.0,2.0,Mumbai (BOM)-Chennai (MAA),11,2,113,8,29.0"
" ,2025-07-22,Mumbai (BOM),Chennai (MAA),A21N (VT-IRY),1:33,1900-01-01 11:50:00,1900-01-01 12:18:00,1900-01-01 13:50:00,1900-01-01 13:51:00,28.0,1.0,11.0,Tuesday,1.0,11.0,13.0,28.0,1.0,13.0,1.0,Mumbai (BOM)-Chennai (MAA),11,1,132,8,28.0"
" ,2025-07-21,Mumbai (BOM),Chennai (MAA),A21N (VT-IBY),1:35,1900-01-01 11:50:00,1900-01-01 13:33:00,1900-01-01 14:05:00,1900-01-01 15:09:00,103.0,64.0,11.0,Monday,64.0,11.0,14.0,103.0,64.0,14.0,0.0,Mumbai (BOM)-Chennai (MAA),11,0,98,8,103.0"
" ,2025-07-20,Mumbai (BOM),Chennai (MAA),A21N (VT-ILH),1:38,1900-01-01 11:50:00,1900-01-01 12:25:00,1900-01-01 14:05:00,1900-01-01 14:03:00,35.0,-2.0,11.0,Sunday,-2.0,11.0,14.0,35.0,-2.0,14.0,6.0,Mumbai (BOM)-Chennai (MAA),11,6,115,8,35.0"
" ,2025-07-19,Mumbai (BOM),Chennai (MAA),A21N (VT-IML),1:38,1900-01-01 11:50:00,1900-01-01 12:04:00,1900-01-01 13:50:00,1900-01-01 13:42:00,14.0,-8.0,11.0,Saturday,-8.0,11.0,13.0,14.0,-8.0,13.0,5.0,Mumbai (BOM)-Chennai (MAA),11,5,125,8,14.0"
" ,2025-07-25,Mumbai (BOM),Hyderabad (HYD),A21N (VT-ICW),1:06,1900-01-01 11:55:00,1900-01-01 12:50:00,1900-01-01 13:35:00,1900-01-01 13:56:00,55.0,21.0,11.0,Friday,21.0,11.0,13.0,55.0,21.0,13.0,4.0,Mumbai (BOM)-Hyderabad (HYD),11,4,109,22,55.0"
" ,2025-07-24,Mumbai (BOM),Hyderabad (HYD),A21N (VT-ILO),1:08,1900-01-01 11:55:00,1900-01-01 12:18:00,1900-01-01 13:35:00,1900-01-01 13:26:00,23.0,-9.0,11.0,Thursday,-9.0,11.0,13.0,23.0,-9.0,13.0,3.0,Mumbai (BOM)-Hyderabad (HYD),11,3,117,22,23.0"
" ,2025-07-23,Mumbai (BOM),Hyderabad (HYD),A21N (VT-IML),1:11,1900-01-01 11:55:00,1900-01-01 12:34:00,1900-01-01 13:35:00,1900-01-01 13:46:00,39.0,11.0,11.0,Wednesday,11.0,11.0,13.0,39.0,11.0,13.0,2.0,Mumbai (BOM)-Hyderabad (HYD),11,2,125,22,39.0"
" ,2025-07-22,Mumbai (BOM),Hyderabad (HYD),A21N (VT-ILG),1:15,1900-01-01 11:55:00,1900-01-01 12:25:00,1900-01-01 13:35:00,1900-01-01 13:40:00,30.0,5.0,11.0,Tuesday,5.0,11.0,13.0,30.0,5.0,13.0,1.0,Mumbai (BOM)-Hyderabad (HYD),11,1,114,22,30.0"
" ,2025-07-21,Mumbai (BOM),Hyderabad (HYD),A21N (VT-IUO),1:06,1900-01-01 11:55:00,1900-01-01 14:00:00,1900-01-01 13:35:00,1900-01-01 15:06:00,125.0,91.0,11.0,Monday,91.0,11.0,13.0,125.0,91.0,13.0,0.0,Mumbai (BOM)-Hyderabad (HYD),11,0,134,22,125.0"
" ,2025-07-20,Mumbai (BOM),Hyderabad (HYD),A21N (VT-ICG),1:11,1900-01-01 11:55:00,1900-01-01 12:07:00,1900-01-01 13:35:00,1900-01-01 13:17:00,12.0,-18.0,11.0,Sunday,-18.0,11.0,13.0,12.0,-18.0,13.0,6.0,Mumbai (BOM)-Hyderabad (HYD),11,6,101,22,12.0"
" ,2025-07-19,Mumbai (BOM),Hyderabad (HYD),A21N (VT-ICG),1:05,1900-01-01 11:55:00,1900-01-01 12:17:00,1900-01-01 13:35:00,1900-01-01 13:22:00,22.0,-13.0,11.0,Saturday,-13.0,11.0,13.0,22.0,-13.0,13.0,5.0,Mumbai (BOM)-Hyderabad (HYD),11,5,101,22,22.0"
" ,2025-07-25,Mumbai (BOM),Coimbatore (CJB),A321 (VT-PPV),1:31,1900-01-01 12:00:00,1900-01-01 12:27:00,1900-01-01 13:45:00,1900-01-01 13:59:00,27.0,14.0,12.0,Friday,14.0,12.0,13.0,27.0,14.0,13.0,4.0,Mumbai (BOM)-Coimbatore (CJB),12,4,168,10,27.0"
" ,2025-07-24,Mumbai (BOM),Coimbatore (CJB),A20N (VT-RTL),1:33,1900-01-01 12:00:00,1900-01-01 12:15:00,1900-01-01 13:45:00,1900-01-01 13:48:00,15.0,3.0,12.0,Thursday,3.0,12.0,13.0,15.0,3.0,13.0,3.0,Mumbai (BOM)-Coimbatore (CJB),12,3,55,10,15.0"
" ,2025-07-23,Mumbai (BOM),Coimbatore (CJB),A20N (VT-RTN),1:34,1900-01-01 12:00:00,1900-01-01 12:29:00,1900-01-01 13:45:00,1900-01-01 14:03:00,29.0,18.0,12.0,Wednesday,18.0,12.0,13.0,29.0,18.0,13.0,2.0,Mumbai (BOM)-Coimbatore (CJB),12,2,56,10,29.0"
" ,2025-07-22,Mumbai (BOM),Coimbatore (CJB),A20N (VT-RTN),1:31,1900-01-01 12:00:00,1900-01-01 12:29:00,1900-01-01 13:45:00,1900-01-01 14:00:00,29.0,15.0,12.0,Tuesday,15.0,12.0,13.0,29.0,15.0,13.0,1.0,Mumbai (BOM)-Coimbatore (CJB),12,1,56,10,29.0"
" ,2025-07-21,Mumbai (BOM),Coimbatore (CJB),A20N (VT-RTK),1:29,1900-01-01 12:00:00,1900-01-01 13:35:00,1900-01-01 13:45:00,1900-01-01 15:04:00,95.0,79.0,12.0,Monday,79.0,12.0,13.0,95.0,79.0,13.0,0.0,Mumbai (BOM)-Coimbatore (CJB),12,0,54,10,95.0"
" ,2025-07-20,Mumbai (BOM),Coimbatore (CJB),A20N (VT-RTN),1:36,1900-01-01 12:00:00,1900-01-01 12:05:00,1900-01-01 13:45:00,1900-01-01 13:41:00,5.0,-4.0,12.0,Sunday,-4.0,12.0,13.0,5.0,-4.0,13.0,6.0,Mumbai (BOM)-Coimbatore (CJB),12,6,56,10,5.0"
" ,2025-07-19,Mumbai (BOM),Coimbatore (CJB),A20N (VT-EXQ),1:27,1900-01-01 12:00:00,1900-01-01 12:19:00,1900-01-01 13:45:00,1900-01-01 13:47:00,19.0,2.0,12.0,Saturday,2.0,12.0,13.0,19.0,2.0,13.0,5.0,Mumbai (BOM)-Coimbatore (CJB),12,5,10,10,19.0"
" ,2025-07-25,Mumbai (BOM),Gwalior (GWL),A320 (VT-IAR),1:31,1900-01-01 12:00:00,1900-01-01 12:16:00,1900-01-01 14:00:00,1900-01-01 13:46:00,16.0,-14.0,12.0,Friday,-14.0,12.0,14.0,16.0,-14.0,14.0,4.0,Mumbai (BOM)-Gwalior (GWL),12,4,160,21,16.0"
" ,2025-07-24,Mumbai (BOM),Gwalior (GWL),A320 (VT-IAX),1:33,1900-01-01 12:00:00,1900-01-01 12:32:00,1900-01-01 14:00:00,1900-01-01 14:04:00,32.0,4.0,12.0,Thursday,4.0,12.0,14.0,32.0,4.0,14.0,3.0,Mumbai (BOM)-Gwalior (GWL),12,3,161,21,32.0"
" ,2025-07-23,Mumbai (BOM),Gwalior (GWL),A20N (VT-IQG),1:31,1900-01-01 12:00:00,1900-01-01 12:37:00,1900-01-01 14:00:00,1900-01-01 14:08:00,37.0,8.0,12.0,Wednesday,8.0,12.0,14.0,37.0,8.0,14.0,2.0,Mumbai (BOM)-Gwalior (GWL),12,2,33,21,37.0"
" ,2025-07-22,Mumbai (BOM),Gwalior (GWL),A20N (VT-IIH),1:38,1900-01-01 12:00:00,1900-01-01 12:27:00,1900-01-01 14:00:00,1900-01-01 14:04:00,27.0,4.0,12.0,Tuesday,4.0,12.0,14.0,27.0,4.0,14.0,1.0,Mumbai (BOM)-Gwalior (GWL),12,1,15,21,27.0"
" ,2025-07-21,Mumbai (BOM),Gwalior (GWL),A20N (VT-IIS),1:32,1900-01-01 12:00:00,1900-01-01 13:48:00,1900-01-01 14:00:00,1900-01-01 15:19:00,108.0,79.0,12.0,Monday,79.0,12.0,14.0,108.0,79.0,14.0,0.0,Mumbai (BOM)-Gwalior (GWL),12,0,18,21,108.0"
" ,2025-07-20,Mumbai (BOM),Gwalior (GWL),A20N (VT-IVY),1:30,1900-01-01 12:00:00,1900-01-01 12:04:00,1900-01-01 14:00:00,1900-01-01 13:34:00,4.0,-26.0,12.0,Sunday,-26.0,12.0,14.0,4.0,-26.0,14.0,6.0,Mumbai (BOM)-Gwalior (GWL),12,6,44,21,4.0"
" ,2025-07-19,Mumbai (BOM),Gwalior (GWL),A20N (VT-IVY),1:29,1900-01-01 12:00:00,1900-01-01 12:09:00,1900-01-01 14:00:00,1900-01-01 13:37:00,9.0,-23.0,12.0,Saturday,-23.0,12.0,14.0,9.0,-23.0,14.0,5.0,Mumbai (BOM)-Gwalior (GWL),12,5,44,21,9.0"
